,date,TR
0,2015-12-02 05:00:00+00:00,2.7700000000000102
1,2015-12-03 05:00:00+00:00,4.398899999999998
2,2015-12-04 05:00:00+00:00,4.389999999999986
3,2015-12-07 05:00:00+00:00,2.529500000000013
4,2015-12-08 05:00:00+00:00,2.508999999999986
5,2015-12-09 05:00:00+00:00,4.5
6,2015-12-10 05:00:00+00:00,2.2900000000000205
7,2015-12-11 05:00:00+00:00,4.350000000000023
8,2015-12-14 05:00:00+00:00,3.1000000000000227
9,2015-12-15 05:00:00+00:00,3.2434000000000083
10,2015-12-16 05:00:00+00:00,3.589999999999975
11,2015-12-17 05:00:00+00:00,3.6399999999999864
12,2015-12-18 05:00:00+00:00,5.030000000000001
13,2015-12-21 05:00:00+00:00,1.8599999999999852
14,2015-12-22 05:00:00+00:00,2.299999999999983
15,2015-12-23 05:00:00+00:00,2.509999999999991
16,2015-12-24 05:00:00+00:00,0.910000000000025
17,2015-12-28 05:00:00+00:00,1.710000000000008
18,2015-12-29 05:00:00+00:00,2.569999999999993
19,2015-12-30 05:00:00+00:00,1.6400000000000148
20,2015-12-31 05:00:00+00:00,2.0600000000000023
21,2016-01-04 05:00:00+00:00,5.299999999999983
22,2016-01-05 05:00:00+00:00,1.8499999999999943
23,2016-01-06 05:00:00+00:00,3.75
24,2016-01-07 05:00:00+00:00,5.259999999999991
25,2016-01-08 05:00:00+00:00,4.269999999999982
26,2016-01-11 05:00:00+00:00,3.5900000000000034
27,2016-01-12 05:00:00+00:00,3.410000000000025
28,2016-01-13 05:00:00+00:00,6.480000000000018
29,2016-01-14 05:00:00+00:00,5.599999999999994
30,2016-01-15 05:00:00+00:00,6.369999999999976
31,2016-01-19 05:00:00+00:00,3.910000000000025
32,2016-01-20 05:00:00+00:00,7.039999999999992
33,2016-01-21 05:00:00+00:00,4.230000000000018
34,2016-01-22 05:00:00+00:00,4.060000000000002
35,2016-01-25 05:00:00+00:00,3.140000000000015
36,2016-01-26 05:00:00+00:00,2.9000000000000057
37,2016-01-27 05:00:00+00:00,4.5
38,2016-01-28 05:00:00+00:00,3.039999999999992
39,2016-01-29 05:00:00+00:00,4.710000000000008
40,2016-02-01 05:00:00+00:00,2.740000000000009
41,2016-02-02 05:00:00+00:00,4.110000000000014
42,2016-02-03 05:00:00+00:00,4.680000000000007
43,2016-02-04 05:00:00+00:00,2.789999999999992
44,2016-02-05 05:00:00+00:00,4.469600000000014
45,2016-02-08 05:00:00+00:00,5.179999999999978
46,2016-02-09 05:00:00+00:00,3.740000000000009
47,2016-02-10 05:00:00+00:00,3.219999999999999
48,2016-02-11 05:00:00+00:00,4.219999999999999
49,2016-02-12 05:00:00+00:00,3.6200000000000045
50,2016-02-16 05:00:00+00:00,3.1599999999999966
51,2016-02-17 05:00:00+00:00,3.509999999999991
52,2016-02-18 05:00:00+00:00,1.5500000000000114
53,2016-02-19 05:00:00+00:00,1.7300000000000182
54,2016-02-22 05:00:00+00:00,2.9499999999999886
55,2016-02-23 05:00:00+00:00,2.6500000000000057
56,2016-02-24 05:00:00+00:00,4.210000000000008
57,2016-02-25 05:00:00+00:00,2.719999999999999
58,2016-02-26 05:00:00+00:00,1.7800000000000011
59,2016-02-29 05:00:00+00:00,2.8999999999999773
60,2016-03-01 05:00:00+00:00,4.650000000000006
61,2016-03-02 05:00:00+00:00,1.8100000000000023
62,2016-03-03 05:00:00+00:00,1.6849999999999739
63,2016-03-04 05:00:00+00:00,2.319999999999993
64,2016-03-07 05:00:00+00:00,1.8199999999999932
65,2016-03-08 05:00:00+00:00,2.4199999999999875
66,2016-03-09 05:00:00+00:00,1.4299999999999784
67,2016-03-10 05:00:00+00:00,3.6899999999999977
68,2016-03-11 05:00:00+00:00,3.292100000000005
69,2016-03-14 04:00:00+00:00,1.2699999999999818
70,2016-03-15 04:00:00+00:00,1.4806999999999846
71,2016-03-16 04:00:00+00:00,2.269999999999982
72,2016-03-17 04:00:00+00:00,2.4599999999999795
73,2016-03-18 04:00:00+00:00,0.9899999999999807
74,2016-03-21 04:00:00+00:00,1.1399999999999864
75,2016-03-22 04:00:00+00:00,1.6599999999999966
76,2016-03-23 04:00:00+00:00,1.6100000000000136
77,2016-03-24 04:00:00+00:00,1.4799999999999898
78,2016-03-28 04:00:00+00:00,1.1550000000000011
79,2016-03-29 04:00:00+00:00,2.8499999999999943
80,2016-03-30 04:00:00+00:00,1.6400000000000148
81,2016-03-31 04:00:00+00:00,1.079999999999984
82,2016-04-01 04:00:00+00:00,3.1599999999999966
83,2016-04-04 04:00:00+00:00,1.1800000000000068
84,2016-04-05 04:00:00+00:00,2.4000000000000057
85,2016-04-06 04:00:00+00:00,2.5100000000000193
86,2016-04-07 04:00:00+00:00,3.3700000000000045
87,2016-04-08 04:00:00+00:00,1.9799999999999898
88,2016-04-11 04:00:00+00:00,2.1599999999999966
89,2016-04-12 04:00:00+00:00,2.5500000000000114
90,2016-04-13 04:00:00+00:00,2.109999999999985
91,2016-04-14 04:00:00+00:00,1.0
92,2016-04-15 04:00:00+00:00,0.7720999999999947
93,2016-04-18 04:00:00+00:00,2.280000000000001
94,2016-04-19 04:00:00+00:00,1.259999999999991
95,2016-04-20 04:00:00+00:00,1.5300000000000011
96,2016-04-21 04:00:00+00:00,1.5999999999999943
97,2016-04-22 04:00:00+00:00,1.3799999999999955
98,2016-04-25 04:00:00+00:00,1.420000000000016
99,2016-04-26 04:00:00+00:00,1.1599999999999966
100,2016-04-27 04:00:00+00:00,1.759999999999991
101,2016-04-28 04:00:00+00:00,2.799999999999983
102,2016-04-29 04:00:00+00:00,2.3899999999999864
103,2016-05-02 04:00:00+00:00,1.8799999999999955
104,2016-05-03 04:00:00+00:00,2.75
105,2016-05-04 04:00:00+00:00,1.710000000000008
106,2016-05-05 04:00:00+00:00,1.509999999999991
107,2016-05-06 04:00:00+00:00,1.8900000000000148
108,2016-05-09 04:00:00+00:00,1.039999999999992
109,2016-05-10 04:00:00+00:00,2.6100000000000136
110,2016-05-11 04:00:00+00:00,2.039999999999992
111,2016-05-12 04:00:00+00:00,2.1199000000000012
112,2016-05-13 04:00:00+00:00,2.480000000000018
113,2016-05-16 04:00:00+00:00,2.6200000000000045
114,2016-05-17 04:00:00+00:00,2.5800000000000125
115,2016-05-18 04:00:00+00:00,2.670000000000016
116,2016-05-19 04:00:00+00:00,2.1299999999999955
117,2016-05-20 04:00:00+00:00,1.8599999999999852
118,2016-05-23 04:00:00+00:00,0.8549999999999898
119,2016-05-24 04:00:00+00:00,3.0800000000000125
120,2016-05-25 04:00:00+00:00,1.9009000000000071
121,2016-05-26 04:00:00+00:00,0.7400000000000091
122,2016-05-27 04:00:00+00:00,0.9099999999999966
123,2016-05-31 04:00:00+00:00,1.509999999999991
124,2016-06-01 04:00:00+00:00,1.5900000000000034
125,2016-06-02 04:00:00+00:00,1.690100000000001
126,2016-06-03 04:00:00+00:00,2.059999999999974
127,2016-06-06 04:00:00+00:00,1.490000000000009
128,2016-06-07 04:00:00+00:00,0.950000000000017
129,2016-06-08 04:00:00+00:00,0.8301000000000158
130,2016-06-09 04:00:00+00:00,1.1999999999999886
131,2016-06-10 04:00:00+00:00,2.609999999999985
132,2016-06-13 04:00:00+00:00,2.0200000000000102
133,2016-06-14 04:00:00+00:00,1.8200999999999965
134,2016-06-15 04:00:00+00:00,1.8300000000000125
135,2016-06-16 04:00:00+00:00,2.9799999999999898
136,2016-06-17 04:00:00+00:00,2.5999999999999943
137,2016-06-20 04:00:00+00:00,3.0800000000000125
138,2016-06-21 04:00:00+00:00,1.1399999999999864
139,2016-06-22 04:00:00+00:00,1.5699999999999932
140,2016-06-23 04:00:00+00:00,2.8400000000000034
141,2016-06-24 04:00:00+00:00,8.150000000000006
142,2016-06-27 04:00:00+00:00,4.47999999999999
143,2016-06-28 04:00:00+00:00,3.6999999999999886
144,2016-06-29 04:00:00+00:00,3.710000000000008
145,2016-06-30 04:00:00+00:00,2.9799999999999898
146,2016-07-01 04:00:00+00:00,1.200000000000017
147,2016-07-05 04:00:00+00:00,2.079999999999984
148,2016-07-06 04:00:00+00:00,2.740000000000009
149,2016-07-07 04:00:00+00:00,2.0194999999999936
150,2016-07-08 04:00:00+00:00,3.4000000000000057
151,2016-07-11 04:00:00+00:00,1.3700000000000045
152,2016-07-12 04:00:00+00:00,1.8500000000000227
153,2016-07-13 04:00:00+00:00,1.0999999999999943
154,2016-07-14 04:00:00+00:00,1.7399999999999807
155,2016-07-15 04:00:00+00:00,1.704499999999996
156,2016-07-18 04:00:00+00:00,0.9300000000000068
157,2016-07-19 04:00:00+00:00,0.7800000000000011
158,2016-07-20 04:00:00+00:00,1.1899999999999977
159,2016-07-21 04:00:00+00:00,1.4699999999999989
160,2016-07-22 04:00:00+00:00,1.200000000000017
161,2016-07-25 04:00:00+00:00,1.2800000000000011
162,2016-07-26 04:00:00+00:00,1.4099999999999966
163,2016-07-27 04:00:00+00:00,1.6500000000000057
164,2016-07-28 04:00:00+00:00,1.3600000000000136
165,2016-07-29 04:00:00+00:00,1.4099999999999966
166,2016-08-01 04:00:00+00:00,1.2450000000000045
167,2016-08-02 04:00:00+00:00,2.3600000000000136
168,2016-08-03 04:00:00+00:00,1.115000000000009
169,2016-08-04 04:00:00+00:00,2.530000000000001
170,2016-08-05 04:00:00+00:00,1.799999999999983
171,2016-08-08 04:00:00+00:00,0.7800000000000011
172,2016-08-09 04:00:00+00:00,0.9599999999999795
173,2016-08-10 04:00:00+00:00,1.1738
174,2016-08-11 04:00:00+00:00,1.3100000000000023
175,2016-08-12 04:00:00+00:00,0.7199999999999989
176,2016-08-15 04:00:00+00:00,1.0900000000000034
177,2016-08-16 04:00:00+00:00,1.1299999999999955
178,2016-08-17 04:00:00+00:00,1.509999999999991
179,2016-08-18 04:00:00+00:00,0.6899999999999977
180,2016-08-19 04:00:00+00:00,1.1599999999999966
181,2016-08-22 04:00:00+00:00,0.9699999999999989
182,2016-08-23 04:00:00+00:00,1.0900000000000034
183,2016-08-24 04:00:00+00:00,1.5699999999999932
184,2016-08-25 04:00:00+00:00,0.9699999999999989
185,2016-08-26 04:00:00+00:00,2.8700000000000045
186,2016-08-29 04:00:00+00:00,1.384999999999991
187,2016-08-30 04:00:00+00:00,1.240000000000009
188,2016-08-31 04:00:00+00:00,1.5149999999999864
189,2016-09-01 04:00:00+00:00,1.6999999999999886
190,2016-09-02 04:00:00+00:00,1.5
191,2016-09-06 04:00:00+00:00,1.259999999999991
192,2016-09-07 04:00:00+00:00,0.9199999999999875
193,2016-09-08 04:00:00+00:00,0.8599999999999852
194,2016-09-09 04:00:00+00:00,5.259999999999991
195,2016-09-12 04:00:00+00:00,4.5
196,2016-09-13 04:00:00+00:00,3.9000000000000057
197,2016-09-14 04:00:00+00:00,2.1999999999999886
198,2016-09-15 04:00:00+00:00,2.9799999999999898
199,2016-09-16 04:00:00+00:00,2.710000000000008
200,2016-09-19 04:00:00+00:00,1.8499999999999943
201,2016-09-20 04:00:00+00:00,1.210000000000008
202,2016-09-21 04:00:00+00:00,2.6100000000000136
203,2016-09-22 04:00:00+00:00,1.710000000000008
204,2016-09-23 04:00:00+00:00,1.3000000000000114
205,2016-09-26 04:00:00+00:00,1.9800000000000182
206,2016-09-27 04:00:00+00:00,2.0600000000000023
207,2016-09-28 04:00:00+00:00,2.109999999999985
208,2016-09-29 04:00:00+00:00,2.8300000000000125
209,2016-09-30 04:00:00+00:00,2.4399999999999977
210,2016-10-03 04:00:00+00:00,1.2600000000000193
211,2016-10-04 04:00:00+00:00,2.1799999999999784
212,2016-10-05 04:00:00+00:00,1.4499999999999886
213,2016-10-06 04:00:00+00:00,1.3049999999999784
214,2016-10-07 04:00:00+00:00,2.1100000000000136
215,2016-10-10 04:00:00+00:00,1.6599999999999966
216,2016-10-11 04:00:00+00:00,3.579999999999984
217,2016-10-12 04:00:00+00:00,1.3100000000000023
218,2016-10-13 04:00:00+00:00,2.5
219,2016-10-14 04:00:00+00:00,1.6800000000000068
220,2016-10-17 04:00:00+00:00,1.2199999999999989
221,2016-10-18 04:00:00+00:00,1.9300000000000068
222,2016-10-19 04:00:00+00:00,1.039999999999992
223,2016-10-20 04:00:00+00:00,1.4199999999999875
224,2016-10-21 04:00:00+00:00,1.3200000000000216
225,2016-10-24 04:00:00+00:00,1.3400000000000034
226,2016-10-25 04:00:00+00:00,1.0
227,2016-10-26 04:00:00+00:00,1.4899999999999807
228,2016-10-27 04:00:00+00:00,1.539999999999992
229,2016-10-28 04:00:00+00:00,2.219999999999999
230,2016-10-31 04:00:00+00:00,0.8299999999999841
231,2016-11-01 04:00:00+00:00,3.390000000000015
232,2016-11-02 04:00:00+00:00,1.8700000000000045
233,2016-11-03 04:00:00+00:00,1.7800000000000011
234,2016-11-04 04:00:00+00:00,1.509999999999991
235,2016-11-07 05:00:00+00:00,4.639999999999986
236,2016-11-08 05:00:00+00:00,2.390000000000015
237,2016-11-09 05:00:00+00:00,4.759999999999991
238,2016-11-10 05:00:00+00:00,3.0900000000000034
239,2016-11-11 05:00:00+00:00,1.5999999999999943
240,2016-11-14 05:00:00+00:00,1.5500000000000114
241,2016-11-15 05:00:00+00:00,1.6899999999999977
242,2016-11-16 05:00:00+00:00,0.8600000000000136
243,2016-11-17 05:00:00+00:00,1.1899999999999977
244,2016-11-18 05:00:00+00:00,0.9800000000000182
245,2016-11-21 05:00:00+00:00,1.6800000000000068
246,2016-11-22 05:00:00+00:00,1.0600000000000023
247,2016-11-23 05:00:00+00:00,1.009999999999991
248,2016-11-25 05:00:00+00:00,0.8600000000000136
249,2016-11-28 05:00:00+00:00,1.1599999999999966
250,2016-11-29 05:00:00+00:00,1.2700000000000102
251,2016-11-30 05:00:00+00:00,1.509999999999991
252,2016-12-01 05:00:00+00:00,1.579999999999984
253,2016-12-02 05:00:00+00:00,0.9900000000000091
254,2016-12-05 05:00:00+00:00,1.7199999999999989
255,2016-12-06 05:00:00+00:00,1.082099999999997
256,2016-12-07 05:00:00+00:00,3.289999999999992
257,2016-12-08 05:00:00+00:00,1.4399999999999977
258,2016-12-09 05:00:00+00:00,1.3799999999999955
259,2016-12-12 05:00:00+00:00,1.200000000000017
260,2016-12-13 05:00:00+00:00,2.0900000000000034
261,2016-12-14 05:00:00+00:00,2.8649999999999807
262,2016-12-15 05:00:00+00:00,1.9300000000000068
263,2016-12-16 05:00:00+00:00,2.140000000000015
264,2016-12-19 05:00:00+00:00,0.9800000000000182
265,2016-12-20 05:00:00+00:00,1.039999999999992
266,2016-12-21 05:00:00+00:00,0.6799999999999784
267,2016-12-22 05:00:00+00:00,0.8500000000000227
268,2016-12-23 05:00:00+00:00,0.5099999999999909
269,2016-12-27 05:00:00+00:00,1.0199999999999818
270,2016-12-28 05:00:00+00:00,2.319999999999993
271,2016-12-29 05:00:00+00:00,1.049999999999983
272,2016-12-30 05:00:00+00:00,2.1000000000000227
273,2017-01-03 05:00:00+00:00,2.3000000000000114
274,2017-01-04 05:00:00+00:00,1.509999999999991
275,2017-01-05 05:00:00+00:00,1.1000000000000227
276,2017-01-06 05:00:00+00:00,1.8499999999999943
277,2017-01-09 05:00:00+00:00,0.7937000000000012
278,2017-01-10 05:00:00+00:00,1.4399999999999977
279,2017-01-11 05:00:00+00:00,1.509999999999991
280,2017-01-12 05:00:00+00:00,2.144999999999982
281,2017-01-13 05:00:00+00:00,0.8700000000000045
282,2017-01-17 05:00:00+00:00,1.25
283,2017-01-18 05:00:00+00:00,0.9000000000000057
284,2017-01-19 05:00:00+00:00,1.5900000000000034
285,2017-01-20 05:00:00+00:00,1.4000000000000057
286,2017-01-23 05:00:00+00:00,1.5349999999999966
287,2017-01-24 05:00:00+00:00,1.9300000000000068
288,2017-01-25 05:00:00+00:00,1.9699999999999989
289,2017-01-26 05:00:00+00:00,0.700000000000017
290,2017-01-27 05:00:00+00:00,0.8300000000000125
291,2017-01-30 05:00:00+00:00,2.5600000000000023
292,2017-01-31 05:00:00+00:00,1.2800000000000011
293,2017-02-01 05:00:00+00:00,1.6500000000000057
294,2017-02-02 05:00:00+00:00,1.2800000000000011
295,2017-02-03 05:00:00+00:00,1.7800000000000011
296,2017-02-06 05:00:00+00:00,0.8000000000000114
297,2017-02-07 05:00:00+00:00,0.9355999999999938
298,2017-02-08 05:00:00+00:00,1.079999999999984
299,2017-02-09 05:00:00+00:00,1.7099999999999795
300,2017-02-10 05:00:00+00:00,1.170000000000016
301,2017-02-13 05:00:00+00:00,1.5600000000000023
302,2017-02-14 05:00:00+00:00,1.5500000000000114
303,2017-02-15 05:00:00+00:00,1.75
304,2017-02-16 05:00:00+00:00,1.3050000000000068
305,2017-02-17 05:00:00+00:00,1.1599999999999966
306,2017-02-21 05:00:00+00:00,1.5999999999999943
307,2017-02-22 05:00:00+00:00,0.7099999999999795
308,2017-02-23 05:00:00+00:00,1.3400000000000034
309,2017-02-24 05:00:00+00:00,1.3832000000000164
310,2017-02-27 05:00:00+00:00,0.960000000000008
311,2017-02-28 05:00:00+00:00,1.0950000000000273
312,2017-03-01 05:00:00+00:00,3.8499999999999943
313,2017-03-02 05:00:00+00:00,1.5699999999999932
314,2017-03-03 05:00:00+00:00,0.8800000000000239
315,2017-03-06 05:00:00+00:00,1.4099999999999966
316,2017-03-07 05:00:00+00:00,1.0100000000000193
317,2017-03-08 05:00:00+00:00,1.2399999999999807
318,2017-03-09 05:00:00+00:00,1.5
319,2017-03-10 05:00:00+00:00,1.4300000000000068
320,2017-03-13 04:00:00+00:00,0.6200000000000045
321,2017-03-14 04:00:00+00:00,1.6200000000000045
322,2017-03-15 04:00:00+00:00,2.539999999999992
323,2017-03-16 04:00:00+00:00,1.0999999999999943
324,2017-03-17 04:00:00+00:00,1.4499999999999886
325,2017-03-20 04:00:00+00:00,1.0400000000000205
326,2017-03-21 04:00:00+00:00,4.030000000000001
327,2017-03-22 04:00:00+00:00,1.5600000000000023
328,2017-03-23 04:00:00+00:00,1.740000000000009
329,2017-03-24 04:00:00+00:00,2.079999999999984
330,2017-03-27 04:00:00+00:00,2.309999999999974
331,2017-03-28 04:00:00+00:00,2.670000000000016
332,2017-03-29 04:00:00+00:00,1.085000000000008
333,2017-03-30 04:00:00+00:00,1.25
334,2017-03-31 04:00:00+00:00,0.8299999999999841
335,2017-04-03 04:00:00+00:00,2.1200000000000045
336,2017-04-04 04:00:00+00:00,1.0250000000000057
337,2017-04-05 04:00:00+00:00,2.8499999999999943
338,2017-04-06 04:00:00+00:00,1.6149999999999807
339,2017-04-07 04:00:00+00:00,1.3600000000000136
340,2017-04-10 04:00:00+00:00,1.5250000000000057
341,2017-04-11 04:00:00+00:00,2.0
342,2017-04-12 04:00:00+00:00,1.289999999999992
343,2017-04-13 04:00:00+00:00,1.9800000000000182
344,2017-04-17 04:00:00+00:00,2.0600000000000023
345,2017-04-18 04:00:00+00:00,1.4899999999999807
346,2017-04-19 04:00:00+00:00,1.7699999999999818
347,2017-04-20 04:00:00+00:00,2.405000000000001
348,2017-04-21 04:00:00+00:00,1.210000000000008
349,2017-04-24 04:00:00+00:00,2.8471999999999866
350,2017-04-25 04:00:00+00:00,1.7800000000000011
351,2017-04-26 04:00:00+00:00,1.1800000000000068
352,2017-04-27 04:00:00+00:00,0.9699999999999989
353,2017-04-28 04:00:00+00:00,1.0
354,2017-05-01 04:00:00+00:00,1.089999999999975
355,2017-05-02 04:00:00+00:00,0.6799999999999784
356,2017-05-03 04:00:00+00:00,1.177500000000009
357,2017-05-04 04:00:00+00:00,1.1425000000000125
358,2017-05-05 04:00:00+00:00,1.039999999999992
359,2017-05-08 04:00:00+00:00,0.75
360,2017-05-09 04:00:00+00:00,1.1500000000000057
361,2017-05-10 04:00:00+00:00,0.7199999999999989
362,2017-05-11 04:00:00+00:00,1.740000000000009
363,2017-05-12 04:00:00+00:00,0.757300000000015
364,2017-05-15 04:00:00+00:00,1.460000000000008
365,2017-05-16 04:00:00+00:00,1.039999999999992
366,2017-05-17 04:00:00+00:00,4.3300000000000125
367,2017-05-18 04:00:00+00:00,2.319999999999993
368,2017-05-19 04:00:00+00:00,2.3100000000000023
369,2017-05-22 04:00:00+00:00,1.4000000000000057
370,2017-05-23 04:00:00+00:00,0.7300000000000182
371,2017-05-24 04:00:00+00:00,0.799999999999983
372,2017-05-25 04:00:00+00:00,1.4699999999999989
373,2017-05-26 04:00:00+00:00,0.45000000000001705
374,2017-05-30 04:00:00+00:00,0.6299999999999955
375,2017-05-31 04:00:00+00:00,1.240000000000009
376,2017-06-01 04:00:00+00:00,1.9399999999999977
377,2017-06-02 04:00:00+00:00,1.2699999999999818
378,2017-06-05 04:00:00+00:00,0.5400000000000205
379,2017-06-06 04:00:00+00:00,0.8700000000000045
380,2017-06-07 04:00:00+00:00,1.089999999999975
381,2017-06-08 04:00:00+00:00,1.160000000000025
382,2017-06-09 04:00:00+00:00,3.0600000000000023
383,2017-06-12 04:00:00+00:00,1.039999999999992
384,2017-06-13 04:00:00+00:00,1.25
385,2017-06-14 04:00:00+00:00,1.5800000000000125
386,2017-06-15 04:00:00+00:00,1.8799999999999955
387,2017-06-16 04:00:00+00:00,2.1363000000000056
388,2017-06-19 04:00:00+00:00,2.0900000000000034
389,2017-06-20 04:00:00+00:00,1.6699999999999875
390,2017-06-21 04:00:00+00:00,1.1800000000000068
391,2017-06-22 04:00:00+00:00,0.8900000000000148
392,2017-06-23 04:00:00+00:00,1.039999999999992
393,2017-06-26 04:00:00+00:00,1.335000000000008
394,2017-06-27 04:00:00+00:00,2.069999999999993
395,2017-06-28 04:00:00+00:00,2.384999999999991
396,2017-06-29 04:00:00+00:00,3.7649999999999864
397,2017-06-30 04:00:00+00:00,1.3600000000000136
398,2017-07-03 04:00:00+00:00,1.579999999999984
399,2017-07-05 04:00:00+00:00,1.3100000000000023
400,2017-07-06 04:00:00+00:00,2.430000000000007
401,2017-07-07 04:00:00+00:00,1.7299999999999898
402,2017-07-10 04:00:00+00:00,1.0400000000000205
403,2017-07-11 04:00:00+00:00,1.700000000000017
404,2017-07-12 04:00:00+00:00,2.009999999999991
405,2017-07-13 04:00:00+00:00,0.7900000000000205
406,2017-07-14 04:00:00+00:00,1.6599999999999966
407,2017-07-17 04:00:00+00:00,0.5799999999999841
408,2017-07-18 04:00:00+00:00,1.0500000000000114
409,2017-07-19 04:00:00+00:00,1.3400000000000034
410,2017-07-20 04:00:00+00:00,0.9499999999999886
411,2017-07-21 04:00:00+00:00,0.9199999999999875
412,2017-07-24 04:00:00+00:00,0.6999999999999886
413,2017-07-25 04:00:00+00:00,0.9800000000000182
414,2017-07-26 04:00:00+00:00,0.6599999999999966
415,2017-07-27 04:00:00+00:00,2.319999999999993
416,2017-07-28 04:00:00+00:00,1.0699999999999932
417,2017-07-31 04:00:00+00:00,0.9499999999999886
418,2017-08-01 04:00:00+00:00,0.7839999999999918
419,2017-08-02 04:00:00+00:00,1.2299999999999898
420,2017-08-03 04:00:00+00:00,0.8000000000000114
421,2017-08-04 04:00:00+00:00,0.8299999999999841
422,2017-08-07 04:00:00+00:00,0.5
423,2017-08-08 04:00:00+00:00,2.079999999999984
424,2017-08-09 04:00:00+00:00,1.25
425,2017-08-10 04:00:00+00:00,3.5500000000000114
426,2017-08-11 04:00:00+00:00,1.0500000000000114
427,2017-08-14 04:00:00+00:00,2.6699999999999875
428,2017-08-15 04:00:00+00:00,0.8400000000000034
429,2017-08-16 04:00:00+00:00,1.1200000000000045
430,2017-08-17 04:00:00+00:00,3.8499999999999943
431,2017-08-18 04:00:00+00:00,1.9890000000000043
432,2017-08-21 04:00:00+00:00,1.3699999999999761
433,2017-08-22 04:00:00+00:00,2.719999999999999
434,2017-08-23 04:00:00+00:00,1.2800000000000011
435,2017-08-24 04:00:00+00:00,1.4300000000000068
436,2017-08-25 04:00:00+00:00,1.6200000000000045
437,2017-08-28 04:00:00+00:00,1.1099999999999852
438,2017-08-29 04:00:00+00:00,2.219999999999999
439,2017-08-30 04:00:00+00:00,1.6999999999999886
440,2017-08-31 04:00:00+00:00,1.7600000000000193
441,2017-09-01 04:00:00+00:00,0.8400000000000034
442,2017-09-05 04:00:00+00:00,2.890000000000015
443,2017-09-06 04:00:00+00:00,1.2199999999999989
444,2017-09-07 04:00:00+00:00,0.8700000000000045
445,2017-09-08 04:00:00+00:00,0.8100000000000023
446,2017-09-11 04:00:00+00:00,2.719999999999999
447,2017-09-12 04:00:00+00:00,0.8799999999999955
448,2017-09-13 04:00:00+00:00,0.6200000000000045
449,2017-09-14 04:00:00+00:00,0.7199999999999989
450,2017-09-15 04:00:00+00:00,1.5200000000000102
451,2017-09-18 04:00:00+00:00,0.9300000000000068
452,2017-09-19 04:00:00+00:00,0.46999999999999886
453,2017-09-20 04:00:00+00:00,1.2700000000000102
454,2017-09-21 04:00:00+00:00,0.875
455,2017-09-22 04:00:00+00:00,0.6099999999999852
456,2017-09-25 04:00:00+00:00,1.4731999999999914
457,2017-09-26 04:00:00+00:00,0.8949999999999818
458,2017-09-27 04:00:00+00:00,1.6200000000000045
459,2017-09-28 04:00:00+00:00,0.8100000000000023
460,2017-09-29 04:00:00+00:00,1.1899999999999977
461,2017-10-02 04:00:00+00:00,1.0900000000000034
462,2017-10-03 04:00:00+00:00,0.6599999999999966
463,2017-10-04 04:00:00+00:00,0.8799999999999955
464,2017-10-05 04:00:00+00:00,1.5200000000000102
465,2017-10-06 04:00:00+00:00,0.8507999999999925
466,2017-10-09 04:00:00+00:00,1.049999999999983
467,2017-10-10 04:00:00+00:00,1.1000000000000227
468,2017-10-11 04:00:00+00:00,0.700000000000017
469,2017-10-12 04:00:00+00:00,0.6949999999999932
470,2017-10-13 04:00:00+00:00,0.6300000000000239
471,2017-10-16 04:00:00+00:00,0.6899999999999977
472,2017-10-17 04:00:00+00:00,0.5400000000000205
473,2017-10-18 04:00:00+00:00,0.47999999999998977
474,2017-10-19 04:00:00+00:00,1.4800000000000182
475,2017-10-20 04:00:00+00:00,1.3655999999999722
476,2017-10-23 04:00:00+00:00,1.490000000000009
477,2017-10-24 04:00:00+00:00,0.7199999999999704
478,2017-10-25 04:00:00+00:00,2.5600000000000023
479,2017-10-26 04:00:00+00:00,1.0100000000000193
480,2017-10-27 04:00:00+00:00,2.269999999999982
481,2017-10-30 04:00:00+00:00,1.2999999999999545
482,2017-10-31 04:00:00+00:00,0.6899999999999977
483,2017-11-01 04:00:00+00:00,1.3600000000000136
484,2017-11-02 04:00:00+00:00,1.5600000000000023
485,2017-11-03 04:00:00+00:00,1.1999999999999886
486,2017-11-06 05:00:00+00:00,0.7799999999999727
487,2017-11-07 05:00:00+00:00,1.2600000000000477
488,2017-11-08 05:00:00+00:00,1.07000000000005
489,2017-11-09 05:00:00+00:00,2.75
490,2017-11-10 05:00:00+00:00,0.9225999999999885
491,2017-11-13 05:00:00+00:00,1.3199999999999932
492,2017-11-14 05:00:00+00:00,1.8100000000000023
493,2017-11-15 05:00:00+00:00,2.1000000000000227
494,2017-11-16 05:00:00+00:00,2.6000000000000227
495,2017-11-17 05:00:00+00:00,0.8500000000000227
496,2017-11-20 05:00:00+00:00,0.6649999999999636
497,2017-11-21 05:00:00+00:00,1.9372999999999934
498,2017-11-22 05:00:00+00:00,0.5799999999999841
499,2017-11-24 05:00:00+00:00,0.7200000000000273
500,2017-11-27 05:00:00+00:00,0.75
501,2017-11-28 05:00:00+00:00,2.669999999999959
502,2017-11-29 05:00:00+00:00,1.4300000000000068
503,2017-11-30 05:00:00+00:00,3.340000000000032
504,2017-12-01 05:00:00+00:00,4.550000000000011
505,2017-12-04 05:00:00+00:00,2.7200000000000273
506,2017-12-05 05:00:00+00:00,2.109999999999957
507,2017-12-06 05:00:00+00:00,1.0200000000000387
508,2017-12-07 05:00:00+00:00,1.490000000000009
509,2017-12-08 05:00:00+00:00,1.4884999999999877
510,2017-12-11 05:00:00+00:00,0.9006999999999721
511,2017-12-12 05:00:00+00:00,1.009999999999991
512,2017-12-13 05:00:00+00:00,0.910000000000025
513,2017-12-14 05:00:00+00:00,1.6200000000000045
514,2017-12-15 05:00:00+00:00,1.650000000000034
515,2017-12-18 05:00:00+00:00,2.090000000000032
516,2017-12-19 05:00:00+00:00,1.4399999999999977
517,2017-12-20 05:00:00+00:00,1.6399999999999864
518,2017-12-21 05:00:00+00:00,1.3550000000000182
519,2017-12-22 05:00:00+00:00,0.7350000000000136
520,2017-12-26 05:00:00+00:00,0.625
521,2017-12-27 05:00:00+00:00,0.7200000000000273
522,2017-12-28 05:00:00+00:00,0.6000000000000227
523,2017-12-29 05:00:00+00:00,1.910000000000025
524,2018-01-02 05:00:00+00:00,1.9499999999999886
525,2018-01-03 05:00:00+00:00,1.8700000000000045
526,2018-01-04 05:00:00+00:00,1.6899999999999977
527,2018-01-05 05:00:00+00:00,1.9499999999999886
528,2018-01-08 05:00:00+00:00,1.1200000000000045
529,2018-01-09 05:00:00+00:00,1.329999999999984
530,2018-01-10 05:00:00+00:00,1.6200000000000045
531,2018-01-11 05:00:00+00:00,2.0
532,2018-01-12 05:00:00+00:00,2.028099999999995
533,2018-01-16 05:00:00+00:00,3.909999999999968
534,2018-01-17 05:00:00+00:00,3.079999999999984
535,2018-01-18 05:00:00+00:00,1.3799999999999955
536,2018-01-19 05:00:00+00:00,1.2700000000000387
537,2018-01-22 05:00:00+00:00,2.579999999999984
538,2018-01-23 05:00:00+00:00,1.25
539,2018-01-24 05:00:00+00:00,2.8600000000000136
540,2018-01-25 05:00:00+00:00,1.865000000000009
541,2018-01-26 05:00:00+00:00,3.3284999999999627
542,2018-01-29 05:00:00+00:00,2.079999999999984
543,2018-01-30 05:00:00+00:00,3.5159999999999627
544,2018-01-31 05:00:00+00:00,2.6200000000000045
545,2018-02-01 05:00:00+00:00,2.3799999999999955
546,2018-02-02 05:00:00+00:00,6.169999999999959
547,2018-02-05 05:00:00+00:00,12.54000000000002
548,2018-02-06 05:00:00+00:00,11.0
549,2018-02-07 05:00:00+00:00,4.78000000000003
550,2018-02-08 05:00:00+00:00,10.580000000000041
551,2018-02-09 05:00:00+00:00,10.690000000000026
552,2018-02-12 05:00:00+00:00,5.509999999999991
553,2018-02-13 05:00:00+00:00,3.3100000000000023
554,2018-02-14 05:00:00+00:00,5.699999999999989
555,2018-02-15 05:00:00+00:00,4.270000000000039
556,2018-02-16 05:00:00+00:00,3.28449999999998
557,2018-02-20 05:00:00+00:00,3.170000000000016
558,2018-02-21 05:00:00+00:00,4.78000000000003
559,2018-02-22 05:00:00+00:00,3.410000000000025
560,2018-02-23 05:00:00+00:00,4.310000000000002
561,2018-02-26 05:00:00+00:00,3.3000000000000114
562,2018-02-27 05:00:00+00:00,4.560000000000002
563,2018-02-28 05:00:00+00:00,4.899999999999977
564,2018-03-01 05:00:00+00:00,7.170000000000016
565,2018-03-02 05:00:00+00:00,4.900000000000034
566,2018-03-05 05:00:00+00:00,5.279999999999973
567,2018-03-06 05:00:00+00:00,2.2099999999999795
568,2018-03-07 05:00:00+00:00,2.980000000000018
569,2018-03-08 05:00:00+00:00,1.8199999999999932
570,2018-03-09 05:00:00+00:00,4.769999999999982
571,2018-03-12 04:00:00+00:00,1.8299000000000092
572,2018-03-13 04:00:00+00:00,4.380000000000052
573,2018-03-14 04:00:00+00:00,3.349999999999966
574,2018-03-15 04:00:00+00:00,2.180000000000007
575,2018-03-16 04:00:00+00:00,1.25
576,2018-03-19 04:00:00+00:00,5.775699999999972
577,2018-03-20 04:00:00+00:00,1.490000000000009
578,2018-03-21 04:00:00+00:00,3.079999999999984
579,2018-03-22 04:00:00+00:00,7.069999999999993
580,2018-03-23 04:00:00+00:00,7.189999999999998
581,2018-03-26 04:00:00+00:00,7.3799999999999955
582,2018-03-27 04:00:00+00:00,7.930000000000007
583,2018-03-28 04:00:00+00:00,4.060000000000002
584,2018-03-29 04:00:00+00:00,5.430000000000007
585,2018-04-02 04:00:00+00:00,8.47999999999999
586,2018-04-03 04:00:00+00:00,4.470000000000027
587,2018-04-04 04:00:00+00:00,7.7549999999999955
588,2018-04-05 04:00:00+00:00,3.079999999999984
589,2018-04-06 04:00:00+00:00,7.639999999999986
590,2018-04-09 04:00:00+00:00,5.119999999999948
591,2018-04-10 04:00:00+00:00,5.0400000000000205
592,2018-04-11 04:00:00+00:00,2.25
593,2018-04-12 04:00:00+00:00,3.240000000000009
594,2018-04-13 04:00:00+00:00,3.5300000000000296
595,2018-04-16 04:00:00+00:00,3.0500000000000114
596,2018-04-17 04:00:00+00:00,3.5400000000000205
597,2018-04-18 04:00:00+00:00,1.4300000000000068
598,2018-04-19 04:00:00+00:00,2.669999999999959
599,2018-04-20 04:00:00+00:00,3.4499999999999886
600,2018-04-23 04:00:00+00:00,2.5399999999999636
601,2018-04-24 04:00:00+00:00,6.696200000000033
602,2018-04-25 04:00:00+00:00,3.2799999999999727
603,2018-04-26 04:00:00+00:00,3.6152000000000157
604,2018-04-27 04:00:00+00:00,1.839999999999975
605,2018-04-30 04:00:00+00:00,3.4599999999999795
606,2018-05-01 04:00:00+00:00,2.990000000000009
607,2018-05-02 04:00:00+00:00,2.920000000000016
608,2018-05-03 04:00:00+00:00,4.310000000000002
609,2018-05-04 04:00:00+00:00,5.639200000000017
610,2018-05-07 04:00:00+00:00,2.0
611,2018-05-08 04:00:00+00:00,2.1750000000000114
612,2018-05-09 04:00:00+00:00,2.944999999999993
613,2018-05-10 04:00:00+00:00,2.8899999999999864
614,2018-05-11 04:00:00+00:00,1.5699999999999932
615,2018-05-14 04:00:00+00:00,1.7199999999999704
616,2018-05-15 04:00:00+00:00,2.9500000000000455
617,2018-05-16 04:00:00+00:00,1.6599999999999682
618,2018-05-17 04:00:00+00:00,2.1000000000000227
619,2018-05-18 04:00:00+00:00,1.099999999999966
620,2018-05-21 04:00:00+00:00,2.650000000000034
621,2018-05-22 04:00:00+00:00,2.009999999999991
622,2018-05-23 04:00:00+00:00,2.3999999999999773
623,2018-05-24 04:00:00+00:00,2.580000000000041
624,2018-05-25 04:00:00+00:00,1.2800000000000296
625,2018-05-29 04:00:00+00:00,4.389999999999986
626,2018-05-30 04:00:00+00:00,4.090000000000032
627,2018-05-31 04:00:00+00:00,2.355000000000018
628,2018-06-01 04:00:00+00:00,3.0
629,2018-06-04 04:00:00+00:00,1.5849999999999795
630,2018-06-05 04:00:00+00:00,1.349999999999966
631,2018-06-06 04:00:00+00:00,2.430000000000007
632,2018-06-07 04:00:00+00:00,1.9399999999999977
633,2018-06-08 04:00:00+00:00,1.589999999999975
634,2018-06-11 04:00:00+00:00,1.1800000000000068
635,2018-06-12 04:00:00+00:00,1.1399999999999864
636,2018-06-13 04:00:00+00:00,1.6800000000000068
637,2018-06-14 04:00:00+00:00,1.3000000000000114
638,2018-06-15 04:00:00+00:00,3.3799999999999955
639,2018-06-18 04:00:00+00:00,2.180000000000007
640,2018-06-19 04:00:00+00:00,3.0300000000000296
641,2018-06-20 04:00:00+00:00,1.2200000000000273
642,2018-06-21 04:00:00+00:00,2.3000000000000114
643,2018-06-22 04:00:00+00:00,1.545000000000016
644,2018-06-25 04:00:00+00:00,5.639999999999986
645,2018-06-26 04:00:00+00:00,1.7699999999999818
646,2018-06-27 04:00:00+00:00,4.685000000000002
647,2018-06-28 04:00:00+00:00,3.259999999999991
648,2018-06-29 04:00:00+00:00,2.7700000000000387
649,2018-07-02 04:00:00+00:00,2.8000000000000114
650,2018-07-03 04:00:00+00:00,2.5600000000000023
651,2018-07-05 04:00:00+00:00,2.2800000000000296
652,2018-07-06 04:00:00+00:00,3.125
653,2018-07-09 04:00:00+00:00,2.5399999999999636
654,2018-07-10 04:00:00+00:00,1.1100000000000136
655,2018-07-11 04:00:00+00:00,2.3799999999999955
656,2018-07-12 04:00:00+00:00,2.569999999999993
657,2018-07-13 04:00:00+00:00,1.2699999999999818
658,2018-07-16 04:00:00+00:00,0.9630000000000223
659,2018-07-17 04:00:00+00:00,2.5
660,2018-07-18 04:00:00+00:00,1.1200000000000045
661,2018-07-19 04:00:00+00:00,1.6000000000000227
662,2018-07-20 04:00:00+00:00,0.9800000000000182
663,2018-07-23 04:00:00+00:00,1.3700000000000045
664,2018-07-24 04:00:00+00:00,2.3600000000000136
665,2018-07-25 04:00:00+00:00,3.090000000000032
666,2018-07-26 04:00:00+00:00,1.0200000000000387
667,2018-07-27 04:00:00+00:00,3.4399999999999977
668,2018-07-30 04:00:00+00:00,2.329999999999984
669,2018-07-31 04:00:00+00:00,2.069999999999993
670,2018-08-01 04:00:00+00:00,1.9984999999999786
671,2018-08-02 04:00:00+00:00,3.419999999999959
672,2018-08-03 04:00:00+00:00,1.327699999999993
673,2018-08-06 04:00:00+00:00,1.788499999999999
674,2018-08-07 04:00:00+00:00,1.3700000000000045
675,2018-08-08 04:00:00+00:00,0.9700000000000273
676,2018-08-09 04:00:00+00:00,1.0550000000000068
677,2018-08-10 04:00:00+00:00,2.7099999999999795
678,2018-08-13 04:00:00+00:00,2.390000000000043
679,2018-08-14 04:00:00+00:00,2.1200000000000045
680,2018-08-15 04:00:00+00:00,3.7399999999999523
681,2018-08-16 04:00:00+00:00,3.2600000000000477
682,2018-08-17 04:00:00+00:00,2.1900999999999726
683,2018-08-20 04:00:00+00:00,0.910000000000025
684,2018-08-21 04:00:00+00:00,1.6399999999999864
685,2018-08-22 04:00:00+00:00,1.1850000000000023
686,2018-08-23 04:00:00+00:00,1.509999999999991
687,2018-08-24 04:00:00+00:00,1.8799999999999955
688,2018-08-27 04:00:00+00:00,2.3899999999999864
689,2018-08-28 04:00:00+00:00,1.017500000000041
690,2018-08-29 04:00:00+00:00,1.854600000000005
691,2018-08-30 04:00:00+00:00,1.8500000000000227
692,2018-08-31 04:00:00+00:00,1.5199999999999818
693,2018-09-04 04:00:00+00:00,1.6299999999999955
694,2018-09-05 04:00:00+00:00,1.920000000000016
695,2018-09-06 04:00:00+00:00,2.490000000000009
696,2018-09-07 04:00:00+00:00,1.990000000000009
697,2018-09-10 04:00:00+00:00,1.4399999999999977
698,2018-09-11 04:00:00+00:00,2.5749999999999886
699,2018-09-12 04:00:00+00:00,1.5699999999999932
700,2018-09-13 04:00:00+00:00,1.9184000000000196
701,2018-09-14 04:00:00+00:00,1.2699999999999818
702,2018-09-17 04:00:00+00:00,1.8500000000000227
703,2018-09-18 04:00:00+00:00,2.240000000000009
704,2018-09-19 04:00:00+00:00,0.8650000000000091
705,2018-09-20 04:00:00+00:00,2.7199999999999704
706,2018-09-21 04:00:00+00:00,1.7699999999999818
707,2018-09-24 04:00:00+00:00,1.6200000000000045
708,2018-09-25 04:00:00+00:00,1.1666999999999916
709,2018-09-26 04:00:00+00:00,2.829999999999984
710,2018-09-27 04:00:00+00:00,2.0300000000000296
711,2018-09-28 04:00:00+00:00,1.329999999999984
712,2018-10-01 04:00:00+00:00,2.2099999999999795
713,2018-10-02 04:00:00+00:00,1.2150000000000318
714,2018-10-03 04:00:00+00:00,1.8899999999999864
715,2018-10-04 04:00:00+00:00,4.060000000000002
716,2018-10-05 04:00:00+00:00,4.0499999999999545
717,2018-10-08 04:00:00+00:00,2.7200000000000273
718,2018-10-09 04:00:00+00:00,2.090000000000032
719,2018-10-10 04:00:00+00:00,9.519999999999982
720,2018-10-11 04:00:00+00:00,8.539999999999964
721,2018-10-12 04:00:00+00:00,4.919999999999959
722,2018-10-15 04:00:00+00:00,2.740000000000009
723,2018-10-16 04:00:00+00:00,6.420000000000016
724,2018-10-17 04:00:00+00:00,3.589999999999975
725,2018-10-18 04:00:00+00:00,5.479999999999961
726,2018-10-19 04:00:00+00:00,3.829999999999984
727,2018-10-22 04:00:00+00:00,2.9499999999999886
728,2018-10-23 04:00:00+00:00,6.399999999999977
729,2018-10-24 04:00:00+00:00,9.060000000000002
730,2018-10-25 04:00:00+00:00,6.490000000000009
731,2018-10-26 04:00:00+00:00,8.70999999999998
732,2018-10-29 04:00:00+00:00,10.399999999999977
733,2018-10-30 04:00:00+00:00,5.0
734,2018-10-31 04:00:00+00:00,5.460000000000036
735,2018-11-01 04:00:00+00:00,3.3500000000000227
736,2018-11-02 04:00:00+00:00,5.640000000000043
737,2018-11-05 05:00:00+00:00,2.659999999999968
738,2018-11-06 05:00:00+00:00,2.0500000000000114
739,2018-11-07 05:00:00+00:00,5.980000000000018
740,2018-11-08 05:00:00+00:00,2.0
741,2018-11-09 05:00:00+00:00,4.319999999999993
742,2018-11-12 05:00:00+00:00,5.769999999999982
743,2018-11-13 05:00:00+00:00,4.074999999999989
744,2018-11-14 05:00:00+00:00,6.160000000000025
745,2018-11-15 05:00:00+00:00,6.529800000000023
746,2018-11-16 05:00:00+00:00,3.5400000000000205
747,2018-11-19 05:00:00+00:00,6.982000000000028
748,2018-11-20 05:00:00+00:00,5.9500000000000455
749,2018-11-21 05:00:00+00:00,3.0299999999999727
750,2018-11-23 05:00:00+00:00,1.9499999999999886
751,2018-11-26 05:00:00+00:00,4.5
752,2018-11-27 05:00:00+00:00,2.7399999999999523
753,2018-11-28 05:00:00+00:00,6.252799999999979
754,2018-11-29 05:00:00+00:00,3.1200000000000045
755,2018-11-30 05:00:00+00:00,2.829999999999984
756,2018-12-03 05:00:00+00:00,4.75
757,2018-12-04 05:00:00+00:00,9.400000000000034
758,2018-12-06 05:00:00+00:00,7.810000000000002
759,2018-12-07 05:00:00+00:00,8.590000000000032
760,2018-12-10 05:00:00+00:00,6.541299999999978
761,2018-12-11 05:00:00+00:00,5.389999999999986
762,2018-12-12 05:00:00+00:00,4.8700000000000045
763,2018-12-13 05:00:00+00:00,3.3700000000000045
764,2018-12-14 05:00:00+00:00,5.519999999999982
765,2018-12-17 05:00:00+00:00,7.124999999999972
766,2018-12-18 05:00:00+00:00,4.6699999999999875
767,2018-12-19 05:00:00+00:00,10.049999999999983
768,2018-12-20 05:00:00+00:00,6.969999999999999
769,2018-12-21 05:00:00+00:00,9.730000000000018
770,2018-12-24 05:00:00+00:00,6.565499999999986
771,2018-12-26 05:00:00+00:00,12.420000000000016
772,2018-12-27 05:00:00+00:00,9.329999999999984
773,2018-12-28 05:00:00+00:00,4.950000000000017
774,2018-12-31 05:00:00+00:00,2.719999999999999
775,2019-01-02 05:00:00+00:00,5.260000000000019
776,2019-01-03 05:00:00+00:00,6.510000000000019
777,2019-01-04 05:00:00+00:00,8.900000000000006
778,2019-01-07 05:00:00+00:00,4.259999999999991
779,2019-01-08 05:00:00+00:00,3.3100000000000023
780,2019-01-09 05:00:00+00:00,2.7200000000000273
781,2019-01-10 05:00:00+00:00,3.660000000000025
782,2019-01-11 05:00:00+00:00,1.9798000000000116
783,2019-01-14 05:00:00+00:00,2.569999999999993
784,2019-01-15 05:00:00+00:00,3.3000000000000114
785,2019-01-16 05:00:00+00:00,1.6166000000000054
786,2019-01-17 05:00:00+00:00,3.9600000000000364
787,2019-01-18 05:00:00+00:00,4.020000000000039
788,2019-01-22 05:00:00+00:00,5.399999999999977
789,2019-01-23 05:00:00+00:00,4.1299999999999955
790,2019-01-24 05:00:00+00:00,2.1200000000000045
791,2019-01-25 05:00:00+00:00,3.1499999999999773
792,2019-01-28 05:00:00+00:00,3.9899999999999523
793,2019-01-29 05:00:00+00:00,2.069999999999993
794,2019-01-30 05:00:00+00:00,5.109999999999957
795,2019-01-31 05:00:00+00:00,3.2000000000000455
796,2019-02-01 05:00:00+00:00,2.019999999999982
797,2019-02-04 05:00:00+00:00,2.669999999999959
798,2019-02-05 05:00:00+00:00,1.5600000000000023
799,2019-02-06 05:00:00+00:00,1.419999999999959
800,2019-02-07 05:00:00+00:00,4.449999999999989
801,2019-02-08 05:00:00+00:00,2.75
802,2019-02-11 05:00:00+00:00,1.4600000000000364
803,2019-02-12 05:00:00+00:00,3.8999999999999773
804,2019-02-13 05:00:00+00:00,1.829999999999984
805,2019-02-14 05:00:00+00:00,2.769999999999982
806,2019-02-15 05:00:00+00:00,3.0300000000000296
807,2019-02-19 05:00:00+00:00,2.109999999999957
808,2019-02-20 05:00:00+00:00,1.670000000000016
809,2019-02-21 05:00:00+00:00,2.0649999999999977
810,2019-02-22 05:00:00+00:00,1.9571000000000254
811,2019-02-25 05:00:00+00:00,2.170000000000016
812,2019-02-26 05:00:00+00:00,1.400000000000034
813,2019-02-27 05:00:00+00:00,2.109999999999957
814,2019-02-28 05:00:00+00:00,1.1299999999999955
815,2019-03-01 05:00:00+00:00,2.1999999999999886
816,2019-03-04 05:00:00+00:00,5.03000000000003
817,2019-03-05 05:00:00+00:00,1.349999999999966
818,2019-03-06 05:00:00+00:00,2.1899999999999977
819,2019-03-07 05:00:00+00:00,3.259999999999991
820,2019-03-08 05:00:00+00:00,2.589999999999975
821,2019-03-11 04:00:00+00:00,4.160000000000025
822,2019-03-12 04:00:00+00:00,1.6299999999999955
823,2019-03-13 04:00:00+00:00,3.8152000000000044
824,2019-03-14 04:00:00+00:00,1.1737999999999715
825,2019-03-15 04:00:00+00:00,1.8799999999999955
826,2019-03-18 04:00:00+00:00,1.3600000000000136
827,2019-03-19 04:00:00+00:00,2.9499999999999886
828,2019-03-20 04:00:00+00:00,3.180000000000007
829,2019-03-21 04:00:00+00:00,4.590000000000032
830,2019-03-22 04:00:00+00:00,5.550000000000011
831,2019-03-25 04:00:00+00:00,2.5452999999999975
832,2019-03-26 04:00:00+00:00,3.1399999999999864
833,2019-03-27 04:00:00+00:00,3.829999999999984
834,2019-03-28 04:00:00+00:00,2.1399999999999864
835,2019-03-29 04:00:00+00:00,2.1299999999999955
836,2019-04-01 04:00:00+00:00,3.680000000000007
837,2019-04-02 04:00:00+00:00,1.1400000000000432
838,2019-04-03 04:00:00+00:00,2.009999999999991
839,2019-04-04 04:00:00+00:00,1.4490000000000123
840,2019-04-05 04:00:00+00:00,1.4499999999999886
841,2019-04-08 04:00:00+00:00,1.5400000000000205
842,2019-04-09 04:00:00+00:00,2.090000000000032
843,2019-04-10 04:00:00+00:00,1.0799000000000092
844,2019-04-11 04:00:00+00:00,1.2620000000000005
845,2019-04-12 04:00:00+00:00,2.2600000000000477
846,2019-04-15 04:00:00+00:00,1.275000000000034
847,2019-04-16 04:00:00+00:00,1.509999999999991
848,2019-04-17 04:00:00+00:00,2.4350000000000023
849,2019-04-18 04:00:00+00:00,1.6599999999999682
850,2019-04-22 04:00:00+00:00,1.365000000000009
851,2019-04-23 04:00:00+00:00,2.8700000000000045
852,2019-04-24 04:00:00+00:00,1.0900000000000318
853,2019-04-25 04:00:00+00:00,2.0499999999999545
854,2019-04-26 04:00:00+00:00,2.249900000000025
855,2019-04-29 04:00:00+00:00,1.0399999999999636
856,2019-04-30 04:00:00+00:00,2.419999999999959
857,2019-05-01 04:00:00+00:00,3.1499999999999773
858,2019-05-02 04:00:00+00:00,3.180000000000007
859,2019-05-03 04:00:00+00:00,3.159999999999968
860,2019-05-06 04:00:00+00:00,5.1299999999999955
861,2019-05-07 04:00:00+00:00,7.009999999999991
862,2019-05-08 04:00:00+00:00,2.5600000000000023
863,2019-05-09 04:00:00+00:00,4.229999999999961
864,2019-05-10 04:00:00+00:00,6.639999999999986
865,2019-05-13 04:00:00+00:00,8.170000000000016
866,2019-05-14 04:00:00+00:00,4.240000000000009
867,2019-05-15 04:00:00+00:00,4.409999999999968
868,2019-05-16 04:00:00+00:00,4.149999999999977
869,2019-05-17 04:00:00+00:00,3.4793000000000234
870,2019-05-20 04:00:00+00:00,2.8419999999999845
871,2019-05-21 04:00:00+00:00,2.980000000000018
872,2019-05-22 04:00:00+00:00,1.589999999999975
873,2019-05-23 04:00:00+00:00,5.060000000000002
874,2019-05-24 04:00:00+00:00,2.1100000000000136
875,2019-05-28 04:00:00+00:00,4.019999999999982
876,2019-05-29 04:00:00+00:00,3.4399999999999977
877,2019-05-30 04:00:00+00:00,2.2350000000000136
878,2019-05-31 04:00:00+00:00,3.7899999999999636
879,2019-06-03 04:00:00+00:00,3.462100000000021
880,2019-06-04 04:00:00+00:00,6.110000000000014
881,2019-06-05 04:00:00+00:00,2.670000000000016
882,2019-06-06 04:00:00+00:00,2.980000000000018
883,2019-06-07 04:00:00+00:00,4.050000000000011
884,2019-06-10 04:00:00+00:00,3.170000000000016
885,2019-06-11 04:00:00+00:00,3.2194999999999823
886,2019-06-12 04:00:00+00:00,1.4449999999999932
887,2019-06-13 04:00:00+00:00,1.5900000000000318
888,2019-06-14 04:00:00+00:00,1.5199999999999818
889,2019-06-17 04:00:00+00:00,1.0400000000000205
890,2019-06-18 04:00:00+00:00,4.199999999999989
891,2019-06-19 04:00:00+00:00,2.17999999999995
892,2019-06-20 04:00:00+00:00,3.249300000000005
893,2019-06-21 04:00:00+00:00,2.1000000000000227
894,2019-06-24 04:00:00+00:00,1.1099999999999568
895,2019-06-25 04:00:00+00:00,3.090000000000032
896,2019-06-26 04:00:00+00:00,1.964999999999975
897,2019-06-27 04:00:00+00:00,1.589999999999975
898,2019-06-28 04:00:00+00:00,2.0500000000000114
899,2019-07-01 04:00:00+00:00,3.920000000000016
900,2019-07-02 04:00:00+00:00,5.28000000000003
901,2019-07-03 04:00:00+00:00,2.3899999999999864
902,2019-07-05 04:00:00+00:00,2.7900000000000205
903,2019-07-08 04:00:00+00:00,2.2399999999999523
904,2019-07-09 04:00:00+00:00,2.0399999999999636
905,2019-07-10 04:00:00+00:00,2.4700000000000273
906,2019-07-11 04:00:00+00:00,1.3799999999999955
907,2019-07-12 04:00:00+00:00,1.420000000000016
908,2019-07-15 04:00:00+00:00,0.9399999999999977
909,2019-07-16 04:00:00+00:00,1.4399999999999977
910,2019-07-17 04:00:00+00:00,2.1899999999999977
911,2019-07-18 04:00:00+00:00,2.5500000000000114
912,2019-07-19 04:00:00+00:00,3.1100000000000136
913,2019-07-22 04:00:00+00:00,1.4599999999999795
914,2019-07-23 04:00:00+00:00,2.1299999999999955
915,2019-07-24 04:00:00+00:00,2.3500000000000227
916,2019-07-25 04:00:00+00:00,2.329999999999984
917,2019-07-26 04:00:00+00:00,2.230000000000018
918,2019-07-29 04:00:00+00:00,1.1599999999999682
919,2019-07-30 04:00:00+00:00,1.9699999999999704
920,2019-07-31 04:00:00+00:00,6.0
921,2019-08-01 04:00:00+00:00,6.910000000000025
922,2019-08-02 04:00:00+00:00,3.9399999999999977
923,2019-08-05 04:00:00+00:00,10.899999999999977
924,2019-08-06 04:00:00+00:00,4.220000000000027
925,2019-08-07 04:00:00+00:00,6.779999999999973
926,2019-08-08 04:00:00+00:00,5.649999999999977
927,2019-08-09 04:00:00+00:00,3.9700000000000273
928,2019-08-12 04:00:00+00:00,4.600000000000023
929,2019-08-13 04:00:00+00:00,6.789999999999964
930,2019-08-14 04:00:00+00:00,8.79000000000002
931,2019-08-15 04:00:00+00:00,3.25
932,2019-08-16 04:00:00+00:00,4.680000000000007
933,2019-08-19 04:00:00+00:00,4.229999999999961
934,2019-08-20 04:00:00+00:00,2.410000000000025
935,2019-08-21 04:00:00+00:00,2.7700000000000387
936,2019-08-22 04:00:00+00:00,3.5300000000000296
937,2019-08-23 04:00:00+00:00,9.289999999999964
938,2019-08-26 04:00:00+00:00,3.1499999999999773
939,2019-08-27 04:00:00+00:00,3.920000000000016
940,2019-08-28 04:00:00+00:00,3.819999999999993
941,2019-08-29 04:00:00+00:00,4.270000000000039
942,2019-08-30 04:00:00+00:00,2.8198999999999614
943,2019-09-03 04:00:00+00:00,3.180000000000007
944,2019-09-04 04:00:00+00:00,3.3149999999999977
945,2019-09-05 04:00:00+00:00,4.829000000000008
946,2019-09-06 04:00:00+00:00,1.339999999999975
947,2019-09-09 04:00:00+00:00,2.079999999999984
948,2019-09-10 04:00:00+00:00,2.2299999999999613
949,2019-09-11 04:00:00+00:00,2.589999999999975
950,2019-09-12 04:00:00+00:00,2.2099999999999795
951,2019-09-13 04:00:00+00:00,1.490000000000009
952,2019-09-16 04:00:00+00:00,1.6878000000000384
953,2019-09-17 04:00:00+00:00,1.2699999999999818
954,2019-09-18 04:00:00+00:00,2.980000000000018
955,2019-09-19 04:00:00+00:00,1.9196999999999775
956,2019-09-20 04:00:00+00:00,3.669999999999959
957,2019-09-23 04:00:00+00:00,1.7300000000000182
958,2019-09-24 04:00:00+00:00,5.029999999999973
959,2019-09-25 04:00:00+00:00,3.7800000000000296
960,2019-09-26 04:00:00+00:00,2.410000000000025
961,2019-09-27 04:00:00+00:00,4.256500000000017
962,2019-09-30 04:00:00+00:00,2.150000000000034
963,2019-10-01 04:00:00+00:00,5.454999999999984
964,2019-10-02 04:00:00+00:00,6.600000000000023
965,2019-10-03 04:00:00+00:00,5.6299999999999955
966,2019-10-04 04:00:00+00:00,4.2099999999999795
967,2019-10-07 04:00:00+00:00,2.490000000000009
968,2019-10-08 04:00:00+00:00,4.589999999999975
969,2019-10-09 04:00:00+00:00,3.7700000000000387
970,2019-10-10 04:00:00+00:00,3.2099999999999795
971,2019-10-11 04:00:00+00:00,5.5
972,2019-10-14 04:00:00+00:00,1.1000000000000227
973,2019-10-15 04:00:00+00:00,3.75
974,2019-10-16 04:00:00+00:00,1.240000000000009
975,2019-10-17 04:00:00+00:00,1.8400000000000318
976,2019-10-18 04:00:00+00:00,2.4049999999999727
977,2019-10-21 04:00:00+00:00,2.2399999999999523
978,2019-10-22 04:00:00+00:00,1.9899999999999523
979,2019-10-23 04:00:00+00:00,1.4449999999999932
980,2019-10-24 04:00:00+00:00,1.609899999999982
981,2019-10-25 04:00:00+00:00,2.519399999999962
982,2019-10-28 04:00:00+00:00,2.25
983,2019-10-29 04:00:00+00:00,1.3700000000000045
984,2019-10-30 04:00:00+00:00,2.5600000000000023
985,2019-10-31 04:00:00+00:00,2.409999999999968
986,2019-11-01 04:00:00+00:00,2.8600000000000136
987,2019-11-04 05:00:00+00:00,1.8600000000000136
988,2019-11-05 05:00:00+00:00,1.2095000000000482
989,2019-11-06 05:00:00+00:00,1.339999999999975
990,2019-11-07 05:00:00+00:00,2.5499999999999545
991,2019-11-08 05:00:00+00:00,1.973600000000033
992,2019-11-11 05:00:00+00:00,1.670000000000016
993,2019-11-12 05:00:00+00:00,2.2900000000000205
994,2019-11-13 05:00:00+00:00,1.8799999999999955
995,2019-11-14 05:00:00+00:00,1.5500000000000114
996,2019-11-15 05:00:00+00:00,2.2899999999999636
997,2019-11-18 05:00:00+00:00,1.25
998,2019-11-19 05:00:00+00:00,1.4699999999999704
999,2019-11-20 05:00:00+00:00,2.8700000000000045
1000,2019-11-21 05:00:00+00:00,1.6200000000000045
1001,2019-11-22 05:00:00+00:00,1.3899999999999864
1002,2019-11-25 05:00:00+00:00,2.410000000000025
1003,2019-11-26 05:00:00+00:00,1.2199999999999704
1004,2019-11-27 05:00:00+00:00,1.400000000000034
1005,2019-11-29 05:00:00+00:00,1.420000000000016
1006,2019-12-02 05:00:00+00:00,3.490000000000009
1007,2019-12-03 05:00:00+00:00,4.509999999999991
1008,2019-12-04 05:00:00+00:00,2.569999999999993
1009,2019-12-05 05:00:00+00:00,1.670000000000016
1010,2019-12-06 05:00:00+00:00,3.2900000000000205
1011,2019-12-09 05:00:00+00:00,1.3799999999999955
1012,2019-12-10 05:00:00+00:00,1.740000000000009
1013,2019-12-11 05:00:00+00:00,1.2606999999999857
1014,2019-12-12 05:00:00+00:00,3.819999999999993
1015,2019-12-13 05:00:00+00:00,2.650000000000034
1016,2019-12-16 05:00:00+00:00,2.8957999999999515
1017,2019-12-17 05:00:00+00:00,0.7699999999999818
1018,2019-12-18 05:00:00+00:00,0.7200000000000273
1019,2019-12-19 05:00:00+00:00,1.4553999999999974
1020,2019-12-20 05:00:00+00:00,2.586900000000014
1021,2019-12-23 05:00:00+00:00,0.9199999999999591
1022,2019-12-24 05:00:00+00:00,0.6200000000000045
1023,2019-12-26 05:00:00+00:00,1.7199999999999704
1024,2019-12-27 05:00:00+00:00,1.5200000000000387
1025,2019-12-30 05:00:00+00:00,2.5500000000000114
1026,2019-12-31 05:00:00+00:00,1.9800000000000182
1027,2020-01-02 05:00:00+00:00,3.0299999999999727
1028,2020-01-03 05:00:00+00:00,3.769999999999982
1029,2020-01-06 05:00:00+00:00,3.3700000000000045
1030,2020-01-07 05:00:00+00:00,1.3999999999999773
1031,2020-01-08 05:00:00+00:00,3.109999999999957
1032,2020-01-09 05:00:00+00:00,2.2800000000000296
1033,2020-01-10 05:00:00+00:00,2.259999999999991
1034,2020-01-13 05:00:00+00:00,2.25
1035,2020-01-14 05:00:00+00:00,1.7760000000000105
1036,2020-01-15 05:00:00+00:00,1.759999999999991
1037,2020-01-16 05:00:00+00:00,2.730000000000018
1038,2020-01-17 05:00:00+00:00,1.3903000000000247
1039,2020-01-21 05:00:00+00:00,1.3600000000000136
1040,2020-01-22 05:00:00+00:00,1.7799999999999727
1041,2020-01-23 05:00:00+00:00,2.758199999999988
1042,2020-01-24 05:00:00+00:00,5.169999999999959
1043,2020-01-27 05:00:00+00:00,6.109999999999957
1044,2020-01-28 05:00:00+00:00,4.350000000000023
1045,2020-01-29 05:00:00+00:00,2.230000000000018
1046,2020-01-30 05:00:00+00:00,4.3700000000000045
1047,2020-01-31 05:00:00+00:00,6.949999999999989
1048,2020-02-03 05:00:00+00:00,4.430000000000007
1049,2020-02-04 05:00:00+00:00,5.889999999999986
1050,2020-02-05 05:00:00+00:00,4.029999999999973
1051,2020-02-06 05:00:00+00:00,1.6899999999999977
1052,2020-02-07 05:00:00+00:00,2.3940999999999804
1053,2020-02-10 05:00:00+00:00,3.5600000000000023
1054,2020-02-11 05:00:00+00:00,2.339999999999975
1055,2020-02-12 05:00:00+00:00,2.3899999999999864
1056,2020-02-13 05:00:00+00:00,2.5600000000000023
1057,2020-02-14 05:00:00+00:00,1.5300000000000296
1058,2020-02-18 05:00:00+00:00,2.4577000000000453
1059,2020-02-19 05:00:00+00:00,2.349999999999966
1060,2020-02-20 05:00:00+00:00,4.958300000000008
1061,2020-02-21 05:00:00+00:00,4.3700000000000045
1062,2020-02-24 05:00:00+00:00,12.322299999999984
1063,2020-02-25 05:00:00+00:00,12.920000000000016
1064,2020-02-26 05:00:00+00:00,7.410000000000025
1065,2020-02-27 05:00:00+00:00,14.053699999999992
1066,2020-02-28 05:00:00+00:00,12.351999999999975
1067,2020-03-02 05:00:00+00:00,14.700000000000045
1068,2020-03-03 05:00:00+00:00,16.269999999999982
1069,2020-03-04 05:00:00+00:00,12.860000000000014
1070,2020-03-05 05:00:00+00:00,12.850000000000023
1071,2020-03-06 05:00:00+00:00,12.229999999999961
1072,2020-03-09 04:00:00+00:00,24.00999999999999
1073,2020-03-10 04:00:00+00:00,15.019999999999982
1074,2020-03-11 04:00:00+00:00,17.54000000000002
1075,2020-03-12 04:00:00+00:00,26.680000000000007
1076,2020-03-13 04:00:00+00:00,23.365399999999966
1077,2020-03-16 04:00:00+00:00,31.95999999999998
1078,2020-03-17 04:00:00+00:00,19.100000000000023
1079,2020-03-18 04:00:00+00:00,24.78
1080,2020-03-19 04:00:00+00:00,15.159999999999997
1081,2020-03-20 04:00:00+00:00,15.969999999999999
1082,2020-03-23 04:00:00+00:00,11.423300000000012
1083,2020-03-24 04:00:00+00:00,21.150000000000006
1084,2020-03-25 04:00:00+00:00,16.600000000000023
1085,2020-03-26 04:00:00+00:00,16.01000000000002
1086,2020-03-27 04:00:00+00:00,10.149999999999977
1087,2020-03-30 04:00:00+00:00,9.01000000000002
1088,2020-03-31 04:00:00+00:00,7.109999999999957
1089,2020-04-01 04:00:00+00:00,13.849999999999994
1090,2020-04-02 04:00:00+00:00,8.090000000000003
1091,2020-04-03 04:00:00+00:00,8.099999999999994
1092,2020-04-06 04:00:00+00:00,18.83019999999999
1093,2020-04-07 04:00:00+00:00,10.169999999999959
1094,2020-04-08 04:00:00+00:00,10.870000000000005
1095,2020-04-09 04:00:00+00:00,7.170000000000016
1096,2020-04-13 04:00:00+00:00,6.789999999999964
1097,2020-04-14 04:00:00+00:00,9.389399999999966
1098,2020-04-15 04:00:00+00:00,8.480700000000013
1099,2020-04-16 04:00:00+00:00,4.269999999999982
1100,2020-04-17 04:00:00+00:00,8.199999999999989
1101,2020-04-20 04:00:00+00:00,5.441199999999981
1102,2020-04-21 04:00:00+00:00,9.569999999999993
1103,2020-04-22 04:00:00+00:00,7.9599999999999795
1104,2020-04-23 04:00:00+00:00,5.189999999999998
1105,2020-04-24 04:00:00+00:00,5.199999999999989
1106,2020-04-27 04:00:00+00:00,5.2999999999999545
1107,2020-04-28 04:00:00+00:00,6.0
1108,2020-04-29 04:00:00+00:00,9.149999999999977
1109,2020-04-30 04:00:00+00:00,4.7339000000000055
1110,2020-05-01 04:00:00+00:00,9.137200000000007
1111,2020-05-04 04:00:00+00:00,4.769999999999982
1112,2020-05-05 04:00:00+00:00,5.680000000000007
1113,2020-05-06 04:00:00+00:00,4.680000000000007
1114,2020-05-07 04:00:00+00:00,5.529999999999973
1115,2020-05-08 04:00:00+00:00,5.269999999999982
1116,2020-05-11 04:00:00+00:00,4.1200000000000045
1117,2020-05-12 04:00:00+00:00,7.720000000000027
1118,2020-05-13 04:00:00+00:00,8.225000000000023
1119,2020-05-14 04:00:00+00:00,12.120000000000005
1120,2020-05-15 04:00:00+00:00,4.990000000000009
1121,2020-05-18 04:00:00+00:00,10.470000000000027
1122,2020-05-19 04:00:00+00:00,4.2549999999999955
1123,2020-05-20 04:00:00+00:00,5.899999999999977
1124,2020-05-21 04:00:00+00:00,3.981400000000008
1125,2020-05-22 04:00:00+00:00,2.409999999999968
1126,2020-05-26 04:00:00+00:00,6.75
1127,2020-05-27 04:00:00+00:00,6.699999999999989
1128,2020-05-28 04:00:00+00:00,4.599999999999966
1129,2020-05-29 04:00:00+00:00,5.489999999999952
1130,2020-06-01 04:00:00+00:00,3.144999999999982
1131,2020-06-02 04:00:00+00:00,3.0299999999999727
1132,2020-06-03 04:00:00+00:00,5.140000000000043
1133,2020-06-04 04:00:00+00:00,3.920000000000016
1134,2020-06-05 04:00:00+00:00,9.914999999999964
1135,2020-06-08 04:00:00+00:00,4.07000000000005
1136,2020-06-09 04:00:00+00:00,3.9248999999999796
1137,2020-06-10 04:00:00+00:00,4.1691000000000145
1138,2020-06-11 04:00:00+00:00,18.99000000000001
1139,2020-06-12 04:00:00+00:00,10.479999999999961
1140,2020-06-15 04:00:00+00:00,11.539999999999964
1141,2020-06-16 04:00:00+00:00,8.589999999999975
1142,2020-06-17 04:00:00+00:00,3.5299999999999727
1143,2020-06-18 04:00:00+00:00,2.7900000000000205
1144,2020-06-19 04:00:00+00:00,7.850000000000023
1145,2020-06-22 04:00:00+00:00,4.300000000000011
1146,2020-06-23 04:00:00+00:00,3.8799999999999955
1147,2020-06-24 04:00:00+00:00,9.949999999999989
1148,2020-06-25 04:00:00+00:00,6.360000000000014
1149,2020-06-26 04:00:00+00:00,7.930000000000007
1150,2020-06-29 04:00:00+00:00,5.680000000000007
1151,2020-06-30 04:00:00+00:00,6.3799999999999955
1152,2020-07-01 04:00:00+00:00,3.5299999999999727
1153,2020-07-02 04:00:00+00:00,5.180000000000007
1154,2020-07-06 04:00:00+00:00,5.449999999999989
1155,2020-07-07 04:00:00+00:00,4.149999999999977
1156,2020-07-08 04:00:00+00:00,3.6000000000000227
1157,2020-07-09 04:00:00+00:00,6.420000000000016
1158,2020-07-10 04:00:00+00:00,5.1200000000000045
1159,2020-07-13 04:00:00+00:00,8.579999999999984
1160,2020-07-14 04:00:00+00:00,7.759999999999991
1161,2020-07-15 04:00:00+00:00,4.1200000000000045
1162,2020-07-16 04:00:00+00:00,2.7600000000000477
1163,2020-07-17 04:00:00+00:00,2.8349999999999795
1164,2020-07-20 04:00:00+00:00,4.509999999999991
1165,2020-07-21 04:00:00+00:00,2.990000000000009
1166,2020-07-22 04:00:00+00:00,2.6999999999999886
1167,2020-07-23 04:00:00+00:00,5.75
1168,2020-07-24 04:00:00+00:00,3.7139999999999986
1169,2020-07-27 04:00:00+00:00,2.6350000000000477
1170,2020-07-28 04:00:00+00:00,2.7899999999999636
1171,2020-07-29 04:00:00+00:00,4.560000000000002
1172,2020-07-30 04:00:00+00:00,5.480000000000018
1173,2020-07-31 04:00:00+00:00,5.300000000000011
1174,2020-08-03 04:00:00+00:00,3.1000000000000227
1175,2020-08-04 04:00:00+00:00,2.1999999999999886
1176,2020-08-05 04:00:00+00:00,2.329999999999984
1177,2020-08-06 04:00:00+00:00,3.329999999999984
1178,2020-08-07 04:00:00+00:00,2.579999999999984
1179,2020-08-10 04:00:00+00:00,2.8149999999999977
1180,2020-08-11 04:00:00+00:00,5.53000000000003
1181,2020-08-12 04:00:00+00:00,5.479999999999961
1182,2020-08-13 04:00:00+00:00,2.4214000000000055
1183,2020-08-14 04:00:00+00:00,1.8000000000000114
1184,2020-08-17 04:00:00+00:00,1.5
1185,2020-08-18 04:00:00+00:00,2.490000000000009
1186,2020-08-19 04:00:00+00:00,2.990000000000009
1187,2020-08-20 04:00:00+00:00,3.579999999999984
1188,2020-08-21 04:00:00+00:00,2.170000000000016
1189,2020-08-24 04:00:00+00:00,3.549599999999998
1190,2020-08-25 04:00:00+00:00,1.9399999999999977
1191,2020-08-26 04:00:00+00:00,3.740000000000009
1192,2020-08-27 04:00:00+00:00,3.3700000000000045
1193,2020-08-28 04:00:00+00:00,2.57000000000005
1194,2020-08-31 04:00:00+00:00,2.240000000000009
1195,2020-09-01 04:00:00+00:00,3.4699999999999704
1196,2020-09-02 04:00:00+00:00,6.149999999999977
1197,2020-09-03 04:00:00+00:00,15.110000000000014
1198,2020-09-04 04:00:00+00:00,12.95999999999998
1199,2020-09-08 04:00:00+00:00,9.759999999999991
1200,2020-09-09 04:00:00+00:00,9.25
1201,2020-09-10 04:00:00+00:00,9.67999999999995
1202,2020-09-11 04:00:00+00:00,5.970000000000027
1203,2020-09-14 04:00:00+00:00,6.319999999999993
1204,2020-09-15 04:00:00+00:00,3.5600000000000023
1205,2020-09-16 04:00:00+00:00,4.5400000000000205
1206,2020-09-17 04:00:00+00:00,5.829000000000008
1207,2020-09-18 04:00:00+00:00,7.869999999999948
1208,2020-09-21 04:00:00+00:00,8.919999999999959
1209,2020-09-22 04:00:00+00:00,5.039999999999964
1210,2020-09-23 04:00:00+00:00,9.099999999999966
1211,2020-09-24 04:00:00+00:00,6.997000000000014
1212,2020-09-25 04:00:00+00:00,7.939999999999998
1213,2020-09-28 04:00:00+00:00,6.229999999999961
1214,2020-09-29 04:00:00+00:00,3.149099999999976
1215,2020-09-30 04:00:00+00:00,5.920000000000016
1216,2020-10-01 04:00:00+00:00,3.8500000000000227
1217,2020-10-02 04:00:00+00:00,5.850000000000023
1218,2020-10-05 04:00:00+00:00,6.1200000000000045
1219,2020-10-06 04:00:00+00:00,7.7900000000000205
1220,2020-10-07 04:00:00+00:00,6.699999999999989
1221,2020-10-08 04:00:00+00:00,3.090000000000032
1222,2020-10-09 04:00:00+00:00,3.57000000000005
1223,2020-10-12 04:00:00+00:00,7.169999999999959
1224,2020-10-13 04:00:00+00:00,3.3751000000000317
1225,2020-10-14 04:00:00+00:00,4.7900000000000205
1226,2020-10-15 04:00:00+00:00,4.889999999999986
1227,2020-10-16 04:00:00+00:00,3.6499999999999773
1228,2020-10-19 04:00:00+00:00,8.289999999999964
1229,2020-10-20 04:00:00+00:00,4.8700000000000045
1230,2020-10-21 04:00:00+00:00,6.2847000000000435
1231,2020-10-22 04:00:00+00:00,4.590000000000032
1232,2020-10-23 04:00:00+00:00,2.8600000000000136
1233,2020-10-26 04:00:00+00:00,10.159999999999968
1234,2020-10-27 04:00:00+00:00,2.1299999999999955
1235,2020-10-28 04:00:00+00:00,12.118299999999977
1236,2020-10-29 04:00:00+00:00,8.305000000000007
1237,2020-10-30 04:00:00+00:00,7.3799999999999955
1238,2020-11-02 05:00:00+00:00,5.819999999999993
1239,2020-11-03 05:00:00+00:00,8.050000000000011
1240,2020-11-04 05:00:00+00:00,11.910000000000025
1241,2020-11-05 05:00:00+00:00,8.649999999999977
1242,2020-11-06 05:00:00+00:00,3.8600000000000136
1243,2020-11-09 05:00:00+00:00,14.21999999999997
1244,2020-11-10 05:00:00+00:00,4.670000000000016
1245,2020-11-11 05:00:00+00:00,3.519999999999982
1246,2020-11-12 05:00:00+00:00,5.4582000000000335
1247,2020-11-13 05:00:00+00:00,5.689999999999998
1248,2020-11-16 05:00:00+00:00,4.67999999999995
1249,2020-11-17 05:00:00+00:00,4.230000000000018
1250,2020-11-18 05:00:00+00:00,5.259999999999991
1251,2020-11-19 05:00:00+00:00,4.03000000000003
1252,2020-11-20 05:00:00+00:00,2.5299999999999727
1253,2020-11-23 05:00:00+00:00,3.954999999999984
1254,2020-11-24 05:00:00+00:00,6.350000000000023
1255,2020-11-25 05:00:00+00:00,1.740000000000009
1256,2020-11-27 05:00:00+00:00,1.6000000000000227
1257,2020-11-30 05:00:00+00:00,4.5
1258,2020-12-01 05:00:00+00:00,5.6200000000000045
1259,2020-12-02 05:00:00+00:00,2.759999999999991
1260,2020-12-03 05:00:00+00:00,2.6899999999999977
1261,2020-12-04 05:00:00+00:00,3.160000000000025
1262,2020-12-07 05:00:00+00:00,2.1299999999999955
1263,2020-12-08 05:00:00+00:00,3.109999999999957
1264,2020-12-09 05:00:00+00:00,5.100000000000023
1265,2020-12-10 05:00:00+00:00,3.430000000000007
1266,2020-12-11 05:00:00+00:00,3.480200000000025
1267,2020-12-14 05:00:00+00:00,5.329999999999984
1268,2020-12-15 05:00:00+00:00,4.92999999999995
1269,2020-12-16 05:00:00+00:00,2.2924000000000433
1270,2020-12-17 05:00:00+00:00,2.2899999999999636
1271,2020-12-18 05:00:00+00:00,5.220000000000027
1272,2020-12-21 05:00:00+00:00,16.430000000000007
1273,2020-12-22 05:00:00+00:00,2.3017000000000394
1274,2020-12-23 05:00:00+00:00,2.4028000000000134
1275,2020-12-24 05:00:00+00:00,1.579999999999984
1276,2020-12-28 05:00:00+00:00,3.589999999999975
1277,2020-12-29 05:00:00+00:00,3.170000000000016
1278,2020-12-30 05:00:00+00:00,1.6400000000000432
1279,2020-12-31 05:00:00+00:00,3.4279999999999973
1280,2021-01-04 05:00:00+00:00,10.629999999999995
1281,2021-01-05 05:00:00+00:00,4.449999999999989
1282,2021-01-06 05:00:00+00:00,7.860000000000014
1283,2021-01-07 05:00:00+00:00,6.349999999999966
1284,2021-01-08 05:00:00+00:00,4.389999999999986
1285,2021-01-11 05:00:00+00:00,3.5410999999999717
1286,2021-01-12 05:00:00+00:00,3.5
1287,2021-01-13 05:00:00+00:00,3.009999999999991
1288,2021-01-14 05:00:00+00:00,3.0299999999999727
1289,2021-01-15 05:00:00+00:00,4.759999999999991
1290,2021-01-19 05:00:00+00:00,3.5300000000000296
1291,2021-01-20 05:00:00+00:00,6.140000000000043
1292,2021-01-21 05:00:00+00:00,1.6999999999999886
1293,2021-01-22 05:00:00+00:00,2.4050000000000296
1294,2021-01-25 05:00:00+00:00,6.310000000000002
1295,2021-01-26 05:00:00+00:00,2.3100000000000023
1296,2021-01-27 05:00:00+00:00,11.78000000000003
1297,2021-01-28 05:00:00+00:00,7.519999999999982
1298,2021-01-29 05:00:00+00:00,9.360000000000014
1299,2021-02-01 05:00:00+00:00,7.269999999999982
1300,2021-02-02 05:00:00+00:00,6.990000000000009
1301,2021-02-03 05:00:00+00:00,3.2199999999999704
1302,2021-02-04 05:00:00+00:00,4.389999999999986
1303,2021-02-05 05:00:00+00:00,2.3256000000000085
1304,2021-02-08 05:00:00+00:00,2.8500000000000227
1305,2021-02-09 05:00:00+00:00,1.7199999999999704
1306,2021-02-10 05:00:00+00:00,4.779999999999973
1307,2021-02-11 05:00:00+00:00,3.589999999999975
1308,2021-02-12 05:00:00+00:00,3.1299999999999955
1309,2021-02-16 05:00:00+00:00,2.640000000000043
1310,2021-02-17 05:00:00+00:00,3.330000000000041
1311,2021-02-18 05:00:00+00:00,4.649999999999977
1312,2021-02-19 05:00:00+00:00,2.829999999999984
1313,2021-02-22 05:00:00+00:00,3.2899999999999636
1314,2021-02-23 05:00:00+00:00,8.745000000000005
1315,2021-02-24 05:00:00+00:00,6.960000000000036
1316,2021-02-25 05:00:00+00:00,11.101099999999974
1317,2021-02-26 05:00:00+00:00,7.349999999999966
1318,2021-03-01 05:00:00+00:00,10.560000000000002
1319,2021-03-02 05:00:00+00:00,4.069999999999993
1320,2021-03-03 05:00:00+00:00,5.519999999999982
1321,2021-03-04 05:00:00+00:00,12.120000000000005
1322,2021-03-05 05:00:00+00:00,12.120000000000005
1323,2021-03-08 05:00:00+00:00,6.259999999999991
1324,2021-03-09 05:00:00+00:00,8.189999999999998
1325,2021-03-10 05:00:00+00:00,4.229999999999961
1326,2021-03-11 05:00:00+00:00,6.069999999999993
1327,2021-03-12 05:00:00+00:00,3.009999999999991
1328,2021-03-15 04:00:00+00:00,4.65500000000003
1329,2021-03-16 04:00:00+00:00,2.75
1330,2021-03-17 04:00:00+00:00,4.819999999999993
1331,2021-03-18 04:00:00+00:00,6.509999999999991
1332,2021-03-19 04:00:00+00:00,4.41900000000004
1333,2021-03-22 04:00:00+00:00,4.589999999999975
1334,2021-03-23 04:00:00+00:00,4.7999999999999545
1335,2021-03-24 04:00:00+00:00,5.279999999999973
1336,2021-03-25 04:00:00+00:00,6.650000000000034
1337,2021-03-26 04:00:00+00:00,6.710000000000036
1338,2021-03-29 04:00:00+00:00,3.9399999999999977
1339,2021-03-30 04:00:00+00:00,2.759999999999991
1340,2021-03-31 04:00:00+00:00,3.269999999999982
1341,2021-04-01 04:00:00+00:00,4.340000000000032
1342,2021-04-05 04:00:00+00:00,6.329999999999984
1343,2021-04-06 04:00:00+00:00,1.8400000000000318
1344,2021-04-07 04:00:00+00:00,1.509999999999991
1345,2021-04-08 04:00:00+00:00,1.990000000000009
1346,2021-04-09 04:00:00+00:00,3.410000000000025
1347,2021-04-12 04:00:00+00:00,1.7300000000000182
1348,2021-04-13 04:00:00+00:00,2.408999999999992
1349,2021-04-14 04:00:00+00:00,3.089999999999975
1350,2021-04-15 04:00:00+00:00,4.710000000000036
1351,2021-04-16 04:00:00+00:00,2.180000000000007
1352,2021-04-19 04:00:00+00:00,3.4699999999999704
1353,2021-04-20 04:00:00+00:00,4.6200000000000045
1354,2021-04-21 04:00:00+00:00,4.930000000000007
1355,2021-04-22 04:00:00+00:00,5.649999999999977
1356,2021-04-23 04:00:00+00:00,5.980000000000018
1357,2021-04-26 04:00:00+00:00,1.4800000000000182
1358,2021-04-27 04:00:00+00:00,1.839999999999975
1359,2021-04-28 04:00:00+00:00,2.1100000000000136
1360,2021-04-29 04:00:00+00:00,4.28000000000003
1361,2021-04-30 04:00:00+00:00,3.7200000000000273
1362,2021-05-03 04:00:00+00:00,2.5399999999999636
1363,2021-05-04 04:00:00+00:00,6.529999999999973
1364,2021-05-05 04:00:00+00:00,2.6899999999999977
1365,2021-05-06 04:00:00+00:00,5.534999999999968
1366,2021-05-07 04:00:00+00:00,3.7450000000000045
1367,2021-05-10 04:00:00+00:00,4.930000000000007
1368,2021-05-11 04:00:00+00:00,7.8799999999999955
1369,2021-05-12 04:00:00+00:00,10.20999999999998
1370,2021-05-13 04:00:00+00:00,6.939999999999998
1371,2021-05-14 04:00:00+00:00,7.210000000000036
1372,2021-05-17 04:00:00+00:00,3.2199999999999704
1373,2021-05-18 04:00:00+00:00,4.2900000000000205
1374,2021-05-19 04:00:00+00:00,6.610000000000014
1375,2021-05-20 04:00:00+00:00,5.764999999999986
1376,2021-05-21 04:00:00+00:00,3.75
1377,2021-05-24 04:00:00+00:00,5.3799999999999955
1378,2021-05-25 04:00:00+00:00,3.089999999999975
1379,2021-05-26 04:00:00+00:00,1.8500000000000227
1380,2021-05-27 04:00:00+00:00,1.7349000000000387
1381,2021-05-28 04:00:00+00:00,1.9599999999999795
1382,2021-06-01 04:00:00+00:00,3.5200000000000387
1383,2021-06-02 04:00:00+00:00,1.9399999999999977
1384,2021-06-03 04:00:00+00:00,4.050000000000011
1385,2021-06-04 04:00:00+00:00,4.150000000000034
1386,2021-06-07 04:00:00+00:00,1.589999999999975
1387,2021-06-08 04:00:00+00:00,2.8899999999999864
1388,2021-06-09 04:00:00+00:00,1.849999999999966
1389,2021-06-10 04:00:00+00:00,3.079999999999984
1390,2021-06-11 04:00:00+00:00,1.6100000000000136
1391,2021-06-14 04:00:00+00:00,2.269999999999982
1392,2021-06-15 04:00:00+00:00,1.919999999999959
1393,2021-06-16 04:00:00+00:00,4.949999999999989
1394,2021-06-17 04:00:00+00:00,3.6999999999999886
1395,2021-06-18 04:00:00+00:00,7.270000000000039
1396,2021-06-21 04:00:00+00:00,6.139999999999986
1397,2021-06-22 04:00:00+00:00,3.920000000000016
1398,2021-06-23 04:00:00+00:00,1.5400000000000205
1399,2021-06-24 04:00:00+00:00,2.9499999999999886
1400,2021-06-25 04:00:00+00:00,1.9942999999999529
1401,2021-06-28 04:00:00+00:00,1.759999999999991
1402,2021-06-29 04:00:00+00:00,1.4300000000000068
1403,2021-06-30 04:00:00+00:00,1.599999999999966
1404,2021-07-01 04:00:00+00:00,2.5400000000000205
1405,2021-07-02 04:00:00+00:00,3.670000000000016
1406,2021-07-06 04:00:00+00:00,4.0
1407,2021-07-07 04:00:00+00:00,3.25
1408,2021-07-08 04:00:00+00:00,6.939999999999998
1409,2021-07-09 04:00:00+00:00,5.125999999999976
1410,2021-07-12 04:00:00+00:00,2.3799999999999955
1411,2021-07-13 04:00:00+00:00,2.5299999999999727
1412,2021-07-14 04:00:00+00:00,3.009999999999991
1413,2021-07-15 04:00:00+00:00,3.519999999999982
1414,2021-07-16 04:00:00+00:00,5.139999999999986
1415,2021-07-19 04:00:00+00:00,9.43889999999999
1416,2021-07-20 04:00:00+00:00,7.590000000000032
1417,2021-07-21 04:00:00+00:00,3.6888999999999896
1418,2021-07-22 04:00:00+00:00,2.0300000000000296
1419,2021-07-23 04:00:00+00:00,4.840000000000032
1420,2021-07-26 04:00:00+00:00,1.7699999999999818
1421,2021-07-27 04:00:00+00:00,5.029999999999973
1422,2021-07-28 04:00:00+00:00,2.990000000000009
1423,2021-07-29 04:00:00+00:00,2.9700000000000273
1424,2021-07-30 04:00:00+00:00,2.8799999999999955
1425,2021-08-02 04:00:00+00:00,3.7200000000000273
1426,2021-08-03 04:00:00+00:00,5.17999999999995
1427,2021-08-04 04:00:00+00:00,2.419999999999959
1428,2021-08-05 04:00:00+00:00,2.8700000000000045
1429,2021-08-06 04:00:00+00:00,1.1800000000000068
1430,2021-08-09 04:00:00+00:00,1.4850000000000136
1431,2021-08-10 04:00:00+00:00,1.5600000000000023
1432,2021-08-11 04:00:00+00:00,1.2620000000000005
1433,2021-08-12 04:00:00+00:00,2.5971999999999866
1434,2021-08-13 04:00:00+00:00,0.8700000000000045
1435,2021-08-16 04:00:00+00:00,4.240000000000009
1436,2021-08-17 04:00:00+00:00,6.1200000000000045
1437,2021-08-18 04:00:00+00:00,5.704999999999984
1438,2021-08-19 04:00:00+00:00,5.019999999999982
1439,2021-08-20 04:00:00+00:00,4.0
1440,2021-08-23 04:00:00+00:00,4.8700000000000045
1441,2021-08-24 04:00:00+00:00,1.2800000000000296
1442,2021-08-25 04:00:00+00:00,1.6870000000000118
1443,2021-08-26 04:00:00+00:00,2.75
1444,2021-08-27 04:00:00+00:00,4.389999999999986
1445,2021-08-30 04:00:00+00:00,2.819999999999993
1446,2021-08-31 04:00:00+00:00,1.5699999999999932
1447,2021-09-01 04:00:00+00:00,1.5649999999999977
1448,2021-09-02 04:00:00+00:00,2.25
1449,2021-09-03 04:00:00+00:00,2.079999999999984
1450,2021-09-07 04:00:00+00:00,2.337699999999984
1451,2021-09-08 04:00:00+00:00,2.8100000000000023
1452,2021-09-09 04:00:00+00:00,3.849999999999966
1453,2021-09-10 04:00:00+00:00,6.180000000000007
1454,2021-09-13 04:00:00+00:00,4.810000000000002
1455,2021-09-14 04:00:00+00:00,5.119999999999948
1456,2021-09-15 04:00:00+00:00,4.970000000000027
1457,2021-09-16 04:00:00+00:00,4.340000000000032
1458,2021-09-17 04:00:00+00:00,6.150000000000034
1459,2021-09-20 04:00:00+00:00,12.539999999999964
1460,2021-09-21 04:00:00+00:00,4.840000000000032
1461,2021-09-22 04:00:00+00:00,6.399999999999977
1462,2021-09-23 04:00:00+00:00,7.029999999999973
1463,2021-09-24 04:00:00+00:00,3.4600000000000364
1464,2021-09-27 04:00:00+00:00,2.150000000000034
1465,2021-09-28 04:00:00+00:00,9.699999999999989
1466,2021-09-29 04:00:00+00:00,3.319999999999993
1467,2021-09-30 04:00:00+00:00,7.990000000000009
1468,2021-10-01 04:00:00+00:00,8.792899999999975
1469,2021-10-04 04:00:00+00:00,7.8799999999999955
1470,2021-10-05 04:00:00+00:00,6.850000000000023
1471,2021-10-06 04:00:00+00:00,7.579899999999952
1472,2021-10-07 04:00:00+00:00,6.78000000000003
1473,2021-10-08 04:00:00+00:00,2.6999999999999886
1474,2021-10-11 04:00:00+00:00,5.639999999999986
1475,2021-10-12 04:00:00+00:00,3.32000000000005
1476,2021-10-13 04:00:00+00:00,4.509999999999991
1477,2021-10-14 04:00:00+00:00,7.480000000000018
1478,2021-10-15 04:00:00+00:00,3.759999999999991
1479,2021-10-18 04:00:00+00:00,4.28000000000003
1480,2021-10-19 04:00:00+00:00,3.509999999999991
1481,2021-10-20 04:00:00+00:00,2.0920000000000414
1482,2021-10-21 04:00:00+00:00,2.5190000000000055
1483,2021-10-22 04:00:00+00:00,3.6200000000000045
1484,2021-10-25 04:00:00+00:00,3.509999999999991
1485,2021-10-26 04:00:00+00:00,2.9399999999999977
1486,2021-10-27 04:00:00+00:00,3.3000000000000114
1487,2021-10-28 04:00:00+00:00,4.4599999999999795
1488,2021-10-29 04:00:00+00:00,4.0
1489,2021-11-01 04:00:00+00:00,2.5020999999999844
1490,2021-11-02 04:00:00+00:00,2.1899999999999977
1491,2021-11-03 04:00:00+00:00,4.319999999999993
1492,2021-11-04 04:00:00+00:00,2.2799999999999727
1493,2021-11-05 04:00:00+00:00,3.7399999999999523
1494,2021-11-08 05:00:00+00:00,2.026900000000012
1495,2021-11-09 05:00:00+00:00,3.6899999999999977
1496,2021-11-10 05:00:00+00:00,5.339999999999975
1497,2021-11-11 05:00:00+00:00,1.670000000000016
1498,2021-11-12 05:00:00+00:00,4.090000000000032
1499,2021-11-15 05:00:00+00:00,2.579999999999984
1500,2021-11-16 05:00:00+00:00,3.4150000000000205
1501,2021-11-17 05:00:00+00:00,1.7999999999999545
1502,2021-11-18 05:00:00+00:00,3.670000000000016
1503,2021-11-19 05:00:00+00:00,2.4399999999999977
1504,2021-11-22 05:00:00+00:00,6.189999999999998
1505,2021-11-23 05:00:00+00:00,4.645000000000039
1506,2021-11-24 05:00:00+00:00,4.3799999999999955
1507,2021-11-26 05:00:00+00:00,11.670000000000016
1508,2021-11-29 05:00:00+00:00,7.589999999999975
1509,2021-11-30 05:00:00+00:00,9.300000000000011
1510,2021-12-01 05:00:00+00:00,14.379999999999995
1511,2021-12-02 05:00:00+00:00,8.759999999999991
1512,2021-12-03 05:00:00+00:00,11.379999999999995
1513,2021-12-06 05:00:00+00:00,7.3700000000000045
1514,2021-12-07 05:00:00+00:00,10.22539999999998
1515,2021-12-08 05:00:00+00:00,3.170000000000016
1516,2021-12-09 05:00:00+00:00,3.4891000000000076
1517,2021-12-10 05:00:00+00:00,4.5499999999999545
1518,2021-12-13 05:00:00+00:00,4.470000000000027
1519,2021-12-14 05:00:00+00:00,6.319999999999993
1520,2021-12-15 05:00:00+00:00,10.120000000000005
1521,2021-12-16 05:00:00+00:00,8.069999999999993
1522,2021-12-17 05:00:00+00:00,8.389999999999986
1523,2021-12-20 05:00:00+00:00,8.730000000000018
1524,2021-12-21 05:00:00+00:00,8.229999999999961
1525,2021-12-22 05:00:00+00:00,5.230000000000018
1526,2021-12-23 05:00:00+00:00,4.5
1527,2021-12-27 05:00:00+00:00,6.7099999999999795
1528,2021-12-28 05:00:00+00:00,2.75
1529,2021-12-29 05:00:00+00:00,2.6399999999999864
1530,2021-12-30 05:00:00+00:00,3.329999999999984
1531,2021-12-31 05:00:00+00:00,2.1899999999999977
1532,2022-01-03 05:00:00+00:00,4.0
1533,2022-01-04 05:00:00+00:00,4.400000000000034
1534,2022-01-05 05:00:00+00:00,9.689999999999998
1535,2022-01-06 05:00:00+00:00,5.389999999999986
1536,2022-01-07 05:00:00+00:00,4.550000000000011
1537,2022-01-10 05:00:00+00:00,9.492699999999957
1538,2022-01-11 05:00:00+00:00,7.800000000000011
1539,2022-01-12 05:00:00+00:00,4.259999999999991
1540,2022-01-13 05:00:00+00:00,9.439999999999998
1541,2022-01-14 05:00:00+00:00,5.189999999999998
1542,2022-01-18 05:00:00+00:00,9.410000000000025
1543,2022-01-19 05:00:00+00:00,8.1524
1544,2022-01-20 05:00:00+00:00,14.240000000000009
1545,2022-01-21 05:00:00+00:00,10.110000000000014
1546,2022-01-24 05:00:00+00:00,19.620000000000005
1547,2022-01-25 05:00:00+00:00,75.15999999999997
1548,2022-01-26 05:00:00+00:00,15.180000000000007
1549,2022-01-27 05:00:00+00:00,12.129999999999995
1550,2022-01-28 05:00:00+00:00,14.180000000000007
1551,2022-01-31 05:00:00+00:00,10.46999999999997
1552,2022-02-01 05:00:00+00:00,6.691599999999994
1553,2022-02-02 05:00:00+00:00,5.170000000000016
1554,2022-02-03 05:00:00+00:00,11.640000000000043
1555,2022-02-04 05:00:00+00:00,8.949999999999989
1556,2022-02-07 05:00:00+00:00,5.139999999999986
1557,2022-02-08 05:00:00+00:00,6.699999999999989
1558,2022-02-09 05:00:00+00:00,6.939999999999998
1559,2022-02-10 05:00:00+00:00,10.509999999999991
1560,2022-02-11 05:00:00+00:00,12.66500000000002
1561,2022-02-14 05:00:00+00:00,6.260000000000048
1562,2022-02-15 05:00:00+00:00,7.259999999999991
1563,2022-02-16 05:00:00+00:00,6.115000000000009
1564,2022-02-17 05:00:00+00:00,10.180000000000007
1565,2022-02-18 05:00:00+00:00,6.840000000000032
1566,2022-02-22 05:00:00+00:00,9.639999999999986
1567,2022-02-23 05:00:00+00:00,11.909999999999968
1568,2022-02-24 05:00:00+00:00,18.120000000000005
1569,2022-02-25 05:00:00+00:00,9.979999999999961
1570,2022-02-28 05:00:00+00:00,7.5
1571,2022-03-01 05:00:00+00:00,9.960000000000036
1572,2022-03-02 05:00:00+00:00,9.740000000000009
1573,2022-03-03 05:00:00+00:00,7.310000000000002
1574,2022-03-04 05:00:00+00:00,7.889999999999986
1575,2022-03-07 05:00:00+00:00,12.9418
1576,2022-03-08 05:00:00+00:00,12.089999999999975
1577,2022-03-09 05:00:00+00:00,13.259999999999991
1578,2022-03-10 05:00:00+00:00,6.889999999999986
1579,2022-03-11 05:00:00+00:00,9.240000000000009
1580,2022-03-14 04:00:00+00:00,8.759999999999991
1581,2022-03-15 04:00:00+00:00,9.839999999999975
1582,2022-03-16 04:00:00+00:00,10.879999999999995
1583,2022-03-17 04:00:00+00:00,7.8799999999999955
1584,2022-03-18 04:00:00+00:00,7.639999999999986
1585,2022-03-21 04:00:00+00:00,5.779999999999973
1586,2022-03-22 04:00:00+00:00,6.279999999999973
1587,2022-03-23 04:00:00+00:00,5.8799999999999955
1588,2022-03-24 04:00:00+00:00,6.699999999999989
1589,2022-03-25 04:00:00+00:00,4.550000000000011
1590,2022-03-28 04:00:00+00:00,5.850000000000023
1591,2022-03-29 04:00:00+00:00,6.230000000000018
1592,2022-03-30 04:00:00+00:00,5.064999999999998
